=== 14B kt start Wed Oct  7 02:38:19 CST 2026 ===
上下文来自 eval/qa100/ctx_v3_k5.json（跳过检索层，题数 120）| 提示词=loose
Loading checkpoint shards:   0%|          | 0/8 [00:00<?, ?it/s]Loading checkpoint shards:  38%|███▊      | 3/8 [00:00<00:00, 15.90it/s]Loading checkpoint shards:  62%|██████▎   | 5/8 [00:00<00:00,  9.84it/s]Loading checkpoint shards: 100%|██████████| 8/8 [00:00<00:00, 15.99it/s]
模型加载 29.1s | 显存 29.7GB | attn=eager dtype=bfloat16 | eos='<|im_end|>'
[1][000][param] ok=True in=3123 out=32 8.47s | What is the specified value for 'junctio | pred='The specified value for the junction'
[1][001][param] ok=False in=2827 out=24 2.58s | What is the specified value for 'resista | pred='The specified value for resistances '
[1][002][param] ok=True in=2814 out=27 2.73s | What is the specified value for 'maximum | pred='The specified value for the maximum '
[1][003][param] ok=True in=2920 out=33 3.15s | What is the specified value for 'the cur | pred='The specified value for the current '
[1][004][param] ok=True in=2618 out=98 7.37s | What is the specified value for 'the pow | pred='The specified values for the TPS5462'
[1][005][param] ok=False in=3072 out=23 2.5s | What is the specified value for 'continu | pred='The specified value for continuous o'
[1][006][param] ok=True in=2845 out=55 4.6s | What is the specified value for 'stop (f | pred="The specified value for 'stop (flash"
[1][007][param] ok=False in=2643 out=80 6.06s | What is the specified value for 'rated f | pred='The specified value for rated juncti'
[1][008][param] ok=False in=2999 out=91 7.14s | What is the specified value for 'inducto | pred='Based on the provided excerpt, there'
[1][009][param] ok=False in=2997 out=59 4.96s | What is the specified value for 'junctio | pred='No specific value for junction-to-am'
[1][010][param] ok=False in=2699 out=40 3.54s | What is the specified value for 'VM oper | pred='There is no direct specification for'
[1][011][param] ok=True in=2764 out=29 2.81s | What is the specified value for 'supply  | pred="The specified value for 'supply volt"
[1][012][param] ok=True in=2276 out=112 8.05s | What is the specified value for 'maximum | pred='The specified value for the maximum '
[1][013][param] ok=True in=3028 out=30 2.98s | What is the specified value for 'p/n pow | pred='The specified value for the power-su'
[1][014][param] ok=True in=3045 out=38 3.54s | What is the specified value for 'under-v | pred="The specified value for 'under-volta"
[1][015][param] ok=False in=3254 out=76 6.26s | What is the specified value for 'input b | pred="The specified value for 'input bias "
[1][016][param] ok=True in=2755 out=66 5.29s | What is the specified value for 'vil, lo | pred="The specified value for the 'low lev"
[1][017][param] ok=True in=2755 out=46 3.97s | What is the specified value for 'power s | pred='The specified power supply recommend'
[1][018][param] ok=True in=3590 out=151 11.49s | What is the specified value for 'operati | pred='The specified value for the operatin'
[1][019][param] ok=True in=2916 out=3 1.13s | What is the specified value for 'maximum | pred='6 V'
[1][020][param] ok=True in=2714 out=143 10.33s | What is the specified value for 'enable  | pred="The specified value for the 'enable "
[1][021][param] ok=True in=3381 out=27 3.05s | What is the specified value for 'total p | pred='The specified value for total power '
[1][022][param] ok=True in=2809 out=28 2.86s | What is the specified value for 'maximum | pred='The specified value for the maximum '
[1][023][param] ok=False in=2521 out=28 2.75s | What is the specified value for 'rated m | pred='The specified value for the rated ma'
[1][024][param] ok=True in=3671 out=26 3.19s | What is the specified value for 'thresho | pred="The specified value for 'threshold h"
[1][025][param] ok=True in=2688 out=15 1.79s | What is the specified value for 'tempera | pred='The Temperature Register reads 0°C u'
[1][026][param] ok=False in=2548 out=22 2.19s | What is the specified value for 'tempera | pred='The specified temperature range for '
[1][027][param] ok=False in=2700 out=88 6.61s | What is the specified value for 'operate | pred='The operating temperature range (T O'
[1][028][param] ok=False in=2244 out=93 6.74s | What is the specified value for 'changed | pred="No specific value for 'changed typic"
[1][029][param] ok=False in=3430 out=114 8.81s | What is the specified value for 'power s | pred='There is no direct specification for'
[1][030][param] ok=False in=2573 out=79 6.0s | What is the specified value for 'tempera | pred='The specified temperature resolution'
[1][031][param] ok=True in=3093 out=31 3.15s | What is the specified value for 'junctio | pred='The specified value for junction-to-'
[1][032][param] ok=True in=2998 out=26 2.72s | What is the specified value for 'operati | pred='The specified operating temperature '
[1][033][param] ok=False in=2713 out=133 9.65s | What is the specified value for 'feedbac | pred='The specified value for the feedback'
[1][034][param] ok=True in=2459 out=32 2.85s | What is the specified value for 'maximum | pred="The specified value for 'maximum rep"
[1][035][param] ok=False in=2474 out=89 6.62s | What is the specified value for 'tempera | pred='There is no direct specified value g'
[1][036][param] ok=False in=2999 out=100 7.59s | What is the specified value for 'high-si | pred="No specific value for 'high-side MOS"
[1][037][param] ok=True in=3086 out=32 3.21s | What is the specified value for 'voltage | pred='The specified value for the voltage '
[1][038][param] ok=False in=3264 out=24 2.74s | What is the specified value for 'maximum | pred='The maximum repetitive peak isolatio'
[1][039][param] ok=True in=3395 out=30 3.28s | What is the specified value for 'recomme | pred='The specified value for the recommen'
[1][040][param] ok=False in=2829 out=117 8.85s | What is the specified value for 'transmi | pred='The specified value for transmitting'
[1][041][param] ok=True in=2942 out=45 4.02s | What is the specified value for 'power-s | pred='The specified supply voltage range f'
[1][042][param] ok=True in=2409 out=57 4.58s | What is the specified value for 'supply  | pred="The specified value for 'supply volt"
[1][043][param] ok=False in=3506 out=27 3.12s | What is the specified value for 'input o | pred="The specified value for 'input offse"
[1][044][param] ok=False in=2193 out=100 7.38s | What is the specified value for 'critica | pred="The specified value for 'critical, w"
[1][045][param] ok=True in=2694 out=34 3.15s | What is the specified value for 'A-port  | pred="The specified value for the 'A-port "
[1][046][param] ok=False in=2808 out=30 2.87s | What is the specified value for 'junctio | pred='The specified value for junction tem'
[1][047][param] ok=True in=2499 out=5 1.12s | What is the specified value for 'switchi | pred='570 kHz'
[1][048][param] ok=False in=3491 out=122 9.41s | What is the specified value for 'switchi | pred='Based on the provided excerpts, ther'
[1][049][param] ok=True in=2744 out=28 2.69s | What is the specified value for 'peak so | pred='The LM5111 has a peak sink current c'
[1][050][param] ok=False in=2869 out=44 3.92s | What is the specified value for 'operati | pred='The specified operating junction tem'
[1][051][param] ok=True in=2701 out=29 2.81s | What is the specified value for 'supply  | pred='The specified value for the supply v'
[1][052][param] ok=False in=2665 out=33 3.06s | What is the specified value for 'automot | pred="The specified value for the 'automot"
[1][053][param] ok=False in=2788 out=98 7.46s | What is the specified value for 'quiesce | pred='The quiescent current (per amplifier'
[1][054][param] ok=False in=2919 out=68 5.56s | What is the specified value for 'overtem | pred='The specified operating junction tem'
[1][055][param] ok=False in=2657 out=60 4.87s | What is the specified value for 'f corne | pred='The specified bandwidth of the OPA83'
[1][056][param] ok=False in=3485 out=108 8.53s | What is the specified value for 'switchi | pred='There is no explicit value given for'
[1][057][param] ok=False in=3190 out=25 2.83s | What is the specified value for 'source  | pred='The specified value for source curre'
[1][058][param] ok=True in=2999 out=8 1.54s | What is the specified value for 'output  | pred='Up to 300 mA'
[1][059][param] ok=True in=2693 out=27 2.67s | What is the specified value for 'control | pred="The specified value for 'controller "
[1][060][param] ok=True in=2377 out=37 3.22s | What is the specified value for 'junctio | pred="The specified value for 'junction-to"
[1][061][param] ok=True in=2367 out=6 1.13s | What is the specified value for 'interna | pred='304 mW'
[1][062][param] ok=True in=2691 out=55 4.56s | What is the specified value for 'to keep | pred='The operating junction temperature r'
[1][063][param] ok=False in=2678 out=101 7.63s | What is the specified value for 'output  | pred='Based on the provided information, n'
[1][064][param] ok=False in=2366 out=138 9.98s | What is the specified value for 'RRT (fr | pred='The specified range for the frequenc'
[1][065][param] ok=False in=2488 out=87 6.57s | What is the specified value for 'maximum | pred="The specified value for 'maximum rep"
[1][066][param] ok=True in=2776 out=25 2.49s | What is the specified value for 'maximum | pred='The specified value for the maximum '
[1][067][param] ok=False in=2818 out=80 6.29s | What is the specified value for 'hz (low | pred="No specified value for 'hz (low powe"
[1][068][param] ok=True in=3355 out=40 3.88s | What is the specified value for 'operati | pred='The specified operating voltage for '
[1][069][param] ok=True in=3098 out=90 6.98s | What is the specified value for 'supply  | pred='The specified supply voltage (VS) fo'
[1][070][param] ok=True in=2169 out=6 1.05s | What is the specified value for 'junctio | pred='150 °C'
[1][071][param] ok=True in=2465 out=24 2.34s | What is the specified value for 'interna | pred='The specified value for the internal'
[1][072][param] ok=True in=2295 out=27 2.47s | What is the specified value for 'maximum | pred="The specified value for 'maximum jun"
[1][073][param] ok=False in=2639 out=66 5.22s | What is the specified value for 'enable  | pred='The enable threshold voltage for the'
[1][074][param] ok=False in=2512 out=47 3.85s | What is the specified value for 'rising  | pred='The specified rising threshold for t'
[1][075][param] ok=False in=3297 out=25 2.9s | What is the specified value for 'input b | pred="The specified value for 'input bias "
[1][076][param] ok=True in=2740 out=74 5.79s | What is the specified value for 'output  | pred='The TPS7A37 offers several fixed out'
[1][077][param] ok=False in=3116 out=62 5.23s | What is the specified value for 'line fr | pred='The specified line frequencies are 5'
[1][078][param] ok=False in=2494 out=75 5.79s | What is the specified value for 'vbus ov | pred="The specified value for 'vbus over v"
[1][079][param] ok=True in=2611 out=60 4.89s | What is the specified value for 'enable  | pred='The internal undervoltage lockout th'
[1][080][param] ok=False in=2402 out=143 10.33s | What is the specified value for 'the vol | pred='There is no direct mention of "the v'
[1][081][param] ok=True in=3703 out=30 3.5s | What is the specified value for 'inputs  | pred="The specified value for 'inputs acce"
[1][082][param] ok=False in=2146 out=83 6.19s | What is the specified value for 'high-si | pred="The specified value for 'high-side c"
[1][083][cross] ok=True in=2445 out=63 4.99s | For the datasheet parameter 'junction-to | pred='TPS62150 specifies a junction-to-amb'
[1][084][cross] ok=True in=2917 out=152 11.2s | For the datasheet parameter 'supply volt | pred="For the parameter 'supply voltage':\n"
[1][085][cross] ok=True in=2926 out=117 8.82s | For the datasheet parameter 'supply volt | pred="For the 'supply voltage' parameter:\n"
[1][086][cross] ok=False in=2605 out=94 7.02s | For the datasheet parameter 'supply volt | pred='For the BME280, the supply voltage r'
[1][087][cross] ok=True in=3035 out=54 4.67s | For the datasheet parameter 'maximum jun | pred="For the 'maximum junction temperatur"
[1][088][cross] ok=False in=3709 out=89 7.37s | For the datasheet parameter 'input bias  | pred='For the input bias current:\n- OPA432'
[1][089][cross] ok=True in=3606 out=69 6.04s | For the datasheet parameter 'power suppl | pred="For the 'power supply recommendation"
[1][090][cross] ok=False in=2590 out=104 7.68s | For the datasheet parameter 'maximum rep | pred='For the AMC1400, the maximum repetit'
[1][091][cross] ok=False in=3363 out=248 17.55s | For the datasheet parameter 'switching n | pred='The provided excerpts do not contain'
[1][092][cross] ok=True in=3142 out=162 11.7s | For the datasheet parameter 'enable and  | pred='For the TPS54541, the undervoltage l'
[1][093][cross] ok=False in=3136 out=102 7.93s | For 'input voltage', which is larger: TM | pred='For TMP1075, the maximum input volta'
[1][094][cross] ok=False in=2866 out=123 9.21s | For 'input voltage', which is larger: TM | pred='For TMP1075, the maximum input volta'
[1][095][cross] ok=False in=2593 out=89 6.78s | For the datasheet parameter 'safety outp | pred="For the 'safety output supply curren"
[1][096][cross] ok=False in=3919 out=65 6.0s | For 'operating temperature', which is la | pred='For the TLC5947, the operating tempe'
[1][097][cross] ok=False in=2755 out=256 17.82s | Compare the datasheet-specified values ' | pred='For the UCC28060, the specific value'
[1][098][cross] ok=False in=3167 out=61 5.32s | For 'operating temperature', which is la | pred='AMC1311: -40°C to +125°C  \nTL431: -6'
[1][099][cross] ok=False in=3280 out=128 9.59s | For 'operating temperature', which is la | pred='For the AMC1311, the specified ambie'
[1][100][cross] ok=False in=3297 out=115 8.83s | For 'input voltage', which is larger: TM | pred='For the TMP1075, the maximum input v'
[1][101][cross] ok=False in=3054 out=67 5.54s | For 'input voltage', which is larger: IN | pred='INA219: The maximum input voltage is'
[1][102][cross] ok=False in=3207 out=73 6.04s | For 'input voltage', which is larger: BM | pred='For the input voltage, the BME280 ha'
[1][103][cross] ok=False in=3458 out=60 5.35s | For 'input voltage', which is larger: OP | pred='For the input voltage, the OPA2376 h'
[1][104][cross] ok=True in=3835 out=116 9.34s | For 'input voltage', which is larger: LM | pred='For the LM5180, the input voltage ra'
[1][105][cross] ok=False in=3206 out=71 5.9s | For 'input voltage', which is larger: SN | pred='For input voltage:\n- SN65HVD230: The'
[1][106][cross] ok=False in=3665 out=62 5.57s | For 'input voltage', which is larger: TM | pred="For 'input voltage', the TMP20 has a"
[1][107][cross] ok=False in=3231 out=137 10.32s | For 'input voltage', which is larger: OP | pred="For 'input voltage', the OPA192 can "
[1][108][cross] ok=False in=3291 out=71 5.92s | For 'input voltage', which is larger: LM | pred="For 'input voltage', the LM5180 has "
[1][109][cross] ok=False in=2928 out=31 2.98s | For 'input voltage', which is larger: DR | pred="For 'input voltage':\n- DRV8876: 5.5 "
[1][110][cross] ok=True in=3843 out=107 8.69s | For 'input voltage', which is larger: OP | pred='For the input voltage range:\n- OPA23'
[1][111][cross] ok=False in=2837 out=101 7.73s | For 'input voltage', which is larger: BM | pred='For the BME280, the logic input volt'
[1][112][cross] ok=False in=3947 out=51 5.09s | For 'operating temperature', which is la | pred='TLC5947 operating temperature: -40 t'
[1][113][cross] ok=False in=3124 out=135 9.88s | For 'operating temperature', which is la | pred='For the TXS0104E, the operating temp'
[1][114][cross] ok=False in=3598 out=127 9.72s | For 'operating temperature', which is la | pred='For operating temperature:\n\n- **LM51'
[1][115][cross] ok=False in=3224 out=76 6.09s | For 'operating temperature', which is la | pred='For operating temperature:\n\n- **BMP2'
[1][116][cross] ok=False in=2882 out=87 6.65s | For 'operating temperature', which is la | pred='LIS3DH operating temperature range: '
[1][117][cross] ok=False in=3936 out=75 6.6s | For 'operating temperature', which is la | pred='For operating temperature:\n- **STM32'
[1][118][cross] ok=True in=3045 out=179 13.1s | Compare the datasheet-specified values ' | pred='The output voltage for the TPS7A37 r'
[1][119][cross] ok=False in=3133 out=125 9.51s | Compare the datasheet-specified values ' | pred='The TPS62203 specifies an output cur'
seed1 (results_dcu14b_kt_s1.json): 52/120 = 43.3% | cross 9/37 | param 43/83
  本轮 700s | 峰值显存 37.0GB
[2][000][param] ok=True in=3123 out=32 3.28s | What is the specified value for 'junctio | pred='The specified value for the junction'
[2][001][param] ok=False in=2827 out=169 12.31s | What is the specified value for 'resista | pred='For the LMH6624, the document specif'
[2][002][param] ok=True in=2814 out=6 1.32s | What is the specified value for 'maximum | pred='150 °C'
[2][003][param] ok=True in=2920 out=32 3.05s | What is the specified value for 'the cur | pred='The specified value for the current '
[2][004][param] ok=True in=2618 out=97 7.25s | What is the specified value for 'the pow | pred='The specified values for the TPS5462'
[2][005][param] ok=False in=3072 out=59 4.9s | What is the specified value for 'continu | pred='The specified value for continuous s'
[2][006][param] ok=True in=2845 out=55 4.59s | What is the specified value for 'stop (f | pred="The specified value for 'stop (flash"
[2][007][param] ok=False in=2643 out=73 5.6s | What is the specified value for 'rated f | pred='The specified value for rated juncti'
[2][008][param] ok=False in=2999 out=76 6.1s | What is the specified value for 'inducto | pred='Based on the provided excerpt, there'
[2][009][param] ok=False in=2997 out=46 4.08s | What is the specified value for 'junctio | pred='No specific value for junction-to-am'
[2][010][param] ok=False in=2699 out=40 3.54s | What is the specified value for 'VM oper | pred='There is no direct specification for'
[2][011][param] ok=True in=2764 out=29 2.8s | What is the specified value for 'supply  | pred="The specified value for 'supply volt"
[2][012][param] ok=True in=2276 out=65 5.0s | What is the specified value for 'maximum | pred="The specified value for 'maximum jun"
[2][013][param] ok=True in=3028 out=30 2.98s | What is the specified value for 'p/n pow | pred='The specified value for the power-su'
[2][014][param] ok=True in=3045 out=38 3.59s | What is the specified value for 'under-v | pred="The specified value for 'under-volta"
[2][015][param] ok=False in=3254 out=101 7.87s | What is the specified value for 'input b | pred="The specified value for 'input bias "
[2][016][param] ok=True in=2755 out=51 4.25s | What is the specified value for 'vil, lo | pred='The specified value for the low leve'
[2][017][param] ok=True in=2755 out=26 2.59s | What is the specified value for 'power s | pred='The specified power supply recommend'
[2][018][param] ok=True in=3590 out=119 9.28s | What is the specified value for 'operati | pred='The operating junction temperature i'
[2][019][param] ok=True in=2916 out=3 1.12s | What is the specified value for 'maximum | pred='6 V'
[2][020][param] ok=False in=2714 out=124 9.08s | What is the specified value for 'enable  | pred='The specified value for the enable s'
[2][021][param] ok=True in=3381 out=5 1.6s | What is the specified value for 'total p | pred='11 mW'
[2][022][param] ok=True in=2809 out=28 2.75s | What is the specified value for 'maximum | pred='The specified value for the maximum '
[2][023][param] ok=False in=2521 out=33 3.07s | What is the specified value for 'rated m | pred='The specified value for rated mains '
[2][024][param] ok=True in=3671 out=26 3.19s | What is the specified value for 'thresho | pred="The specified value for 'threshold h"
[2][025][param] ok=True in=2688 out=26 2.51s | What is the specified value for 'tempera | pred='The Temperature Register of the TMP1'
[2][026][param] ok=False in=2548 out=30 2.72s | What is the specified value for 'tempera | pred="The specified value for 'temperature"
[2][027][param] ok=False in=2700 out=87 6.57s | What is the specified value for 'operate | pred='The operating temperature range (T O'
[2][028][param] ok=False in=2244 out=73 5.46s | What is the specified value for 'changed | pred="The specified value for the 'changed"
[2][029][param] ok=False in=3430 out=60 5.26s | What is the specified value for 'power s | pred='There is no explicit "power supply r'
[2][030][param] ok=False in=2573 out=83 6.29s | What is the specified value for 'tempera | pred='Based on the given information, the '
[2][031][param] ok=True in=3093 out=31 3.15s | What is the specified value for 'junctio | pred='The specified value for junction-to-'
[2][032][param] ok=True in=2998 out=26 2.73s | What is the specified value for 'operati | pred='The specified operating temperature '
[2][033][param] ok=False in=2713 out=122 8.91s | What is the specified value for 'feedbac | pred='The specified value for the feedback'
[2][034][param] ok=True in=2459 out=32 2.89s | What is the specified value for 'maximum | pred="The specified value for 'maximum rep"
[2][035][param] ok=False in=2474 out=108 7.91s | What is the specified value for 'tempera | pred='There is no direct specified value g'
[2][036][param] ok=False in=2999 out=80 6.29s | What is the specified value for 'high-si | pred="No specific value for 'high-side MOS"
[2][037][param] ok=True in=3086 out=32 3.22s | What is the specified value for 'voltage | pred='The specified value for the voltage '
[2][038][param] ok=False in=3264 out=22 2.57s | What is the specified value for 'maximum | pred='The maximum working voltage (VIORM) '
[2][039][param] ok=True in=3395 out=30 3.25s | What is the specified value for 'recomme | pred='The specified value for the recommen'
[2][040][param] ok=False in=2829 out=151 10.92s | What is the specified value for 'transmi | pred='The specified value for transmitting'
[2][041][param] ok=True in=2942 out=38 3.5s | What is the specified value for 'power-s | pred='The specified supply voltage range f'
[2][042][param] ok=True in=2409 out=57 4.52s | What is the specified value for 'supply  | pred='The specified value for the supply v'
[2][043][param] ok=True in=3506 out=34 3.58s | What is the specified value for 'input o | pred="The specified value for 'input offse"
[2][044][param] ok=False in=2193 out=60 4.62s | What is the specified value for 'critica | pred="The INA3221 specifies 'critical, war"
[2][045][param] ok=True in=2694 out=32 2.96s | What is the specified value for 'A-port  | pred="The specified value for 'A-port VCCA"
[2][046][param] ok=False in=2808 out=29 2.79s | What is the specified value for 'junctio | pred='The specified value for junction tem'
[2][047][param] ok=True in=2499 out=5 1.12s | What is the specified value for 'switchi | pred='570 kHz'
[2][048][param] ok=False in=3491 out=154 11.59s | What is the specified value for 'switchi | pred="The specified value for the 'switchi"
[2][049][param] ok=True in=2744 out=28 2.7s | What is the specified value for 'peak so | pred='The LM5111 has a peak sink current c'
[2][050][param] ok=False in=2869 out=34 3.21s | What is the specified value for 'operati | pred='The specified range for the operatin'
[2][051][param] ok=True in=2701 out=29 2.78s | What is the specified value for 'supply  | pred='The specified value for the supply v'
[2][052][param] ok=False in=2665 out=30 2.83s | What is the specified value for 'automot | pred='The specified value for the automoti'
[2][053][param] ok=False in=2788 out=126 9.22s | What is the specified value for 'quiesce | pred='The specified value for quiescent cu'
[2][054][param] ok=False in=2919 out=61 5.03s | What is the specified value for 'overtem | pred='The specified operating junction tem'
[2][055][param] ok=False in=2657 out=22 2.3s | What is the specified value for 'f corne | pred='The specified bandwidth (f corner fr'
[2][056][param] ok=False in=3485 out=166 12.47s | What is the specified value for 'switchi | pred='The specified value for the switchin'
[2][057][param] ok=False in=3190 out=23 2.68s | What is the specified value for 'source  | pred='The specified source current capabil'
[2][058][param] ok=True in=2999 out=8 1.53s | What is the specified value for 'output  | pred='Up to 300 mA'
[2][059][param] ok=True in=2693 out=27 2.62s | What is the specified value for 'control | pred="The specified value for 'controller "
[2][060][param] ok=True in=2377 out=37 3.15s | What is the specified value for 'junctio | pred="The specified value for 'junction-to"
[2][061][param] ok=True in=2367 out=25 2.36s | What is the specified value for 'interna | pred="The specified value for 'internal po"
[2][062][param] ok=True in=2691 out=56 4.56s | What is the specified value for 'to keep | pred='The operating junction temperature r'
[2][063][param] ok=False in=2678 out=85 6.49s | What is the specified value for 'output  | pred='The DRV8412 specifies up to 3A conti'
[2][064][param] ok=False in=2366 out=198 13.64s | What is the specified value for 'RRT (fr | pred='The specified value for the frequenc'
[2][065][param] ok=False in=2488 out=73 5.56s | What is the specified value for 'maximum | pred='The specified value for the maximum '
[2][066][param] ok=True in=2776 out=24 2.43s | What is the specified value for 'maximum | pred='The specified value for the maximum '
[2][067][param] ok=False in=2818 out=85 6.61s | What is the specified value for 'hz (low | pred='The specified value for power consum'
[2][068][param] ok=True in=3355 out=44 4.23s | What is the specified value for 'operati | pred="The specified value for 'operating v"
[2][069][param] ok=True in=3098 out=83 6.66s | What is the specified value for 'supply  | pred='The specified supply voltage (VS) fo'
[2][070][param] ok=True in=2169 out=23 2.18s | What is the specified value for 'junctio | pred='The specified value for junction tem'
[2][071][param] ok=True in=2465 out=24 2.42s | What is the specified value for 'interna | pred='The specified value for the internal'
[2][072][param] ok=True in=2295 out=24 2.33s | What is the specified value for 'maximum | pred='The specified value for the maximum '
[2][073][param] ok=False in=2639 out=61 4.88s | What is the specified value for 'enable  | pred='The enable threshold voltage for the'
[2][074][param] ok=False in=2512 out=55 4.37s | What is the specified value for 'rising  | pred='The specified value for the rising t'
[2][075][param] ok=False in=3297 out=40 3.86s | What is the specified value for 'input b | pred="The specified value for 'input bias "
[2][076][param] ok=True in=2740 out=74 5.68s | What is the specified value for 'output  | pred='The TPS7A37 offers various fixed out'
[2][077][param] ok=False in=3116 out=111 8.43s | What is the specified value for 'line fr | pred='The specified line frequency is not '
[2][078][param] ok=False in=2494 out=48 3.96s | What is the specified value for 'vbus ov | pred="The specified value for 'vbus over v"
[2][079][param] ok=True in=2611 out=66 5.19s | What is the specified value for 'enable  | pred='The specified value for the internal'
[2][080][param] ok=False in=2402 out=153 10.94s | What is the specified value for 'the vol | pred='There is no direct specified value f'
[2][081][param] ok=True in=3703 out=30 3.52s | What is the specified value for 'inputs  | pred="The specified value for 'inputs acce"
[2][082][param] ok=False in=2146 out=73 5.55s | What is the specified value for 'high-si | pred="The specified value for 'high-side c"
[2][083][cross] ok=True in=2445 out=63 4.98s | For the datasheet parameter 'junction-to | pred='TPS62150 specifies a junction-to-amb'
[2][084][cross] ok=False in=2917 out=123 9.29s | For the datasheet parameter 'supply volt | pred="For the 'supply voltage' parameter:\n"
[2][085][cross] ok=True in=2926 out=128 9.46s | For the datasheet parameter 'supply volt | pred="For the 'supply voltage' parameter:\n"
[2][086][cross] ok=False in=2605 out=85 6.44s | For the datasheet parameter 'supply volt | pred='For the supply voltage parameter:\n- '
[2][087][cross] ok=True in=3035 out=48 4.23s | For the datasheet parameter 'maximum jun | pred="For the parameter 'maximum junction "
[2][088][cross] ok=False in=3709 out=61 5.51s | For the datasheet parameter 'input bias  | pred='For the input bias current parameter'
[2][089][cross] ok=True in=3606 out=72 6.18s | For the datasheet parameter 'power suppl | pred='For the power supply recommendations'
[2][090][cross] ok=False in=2590 out=89 6.67s | For the datasheet parameter 'maximum rep | pred='For the AMC1400, the maximum repetit'
[2][091][cross] ok=False in=3363 out=97 7.69s | For the datasheet parameter 'switching n | pred='The provided excerpts do not specify'
[2][092][cross] ok=True in=3142 out=125 9.42s | For the datasheet parameter 'enable and  | pred='For the TPS54541, the internal under'
[2][093][cross] ok=False in=3136 out=143 10.66s | For 'input voltage', which is larger: TM | pred='For the TMP1075, the maximum input v'
[2][094][cross] ok=False in=2866 out=209 14.79s | For 'input voltage', which is larger: TM | pred='For TMP1075, the maximum input volta'
[2][095][cross] ok=False in=2593 out=49 4.09s | For the datasheet parameter 'safety outp | pred="For the parameter 'safety output sup"
[2][096][cross] ok=False in=3919 out=90 7.58s | For 'operating temperature', which is la | pred='For the TLC5947, the operating tempe'
[2][097][cross] ok=False in=2755 out=231 16.23s | Compare the datasheet-specified values ' | pred='For the UCC28060, the exact UVLO (un'
[2][098][cross] ok=False in=3167 out=57 4.94s | For 'operating temperature', which is la | pred='AMC1311: -40°C to +125°C  \nTL431: -6'
[2][099][cross] ok=False in=3280 out=52 4.59s | For 'operating temperature', which is la | pred='For operating temperature:\n- AMC1311'
[2][100][cross] ok=False in=3297 out=143 10.7s | For 'input voltage', which is larger: TM | pred='For TMP1075, the maximum input volta'
[2][101][cross] ok=False in=3054 out=52 4.53s | For 'input voltage', which is larger: IN | pred="For 'input voltage':\n- INA219: 0 to "
[2][102][cross] ok=False in=3207 out=83 6.75s | For 'input voltage', which is larger: BM | pred='For input voltage:\n- BME280: The sup'
[2][103][cross] ok=False in=3458 out=126 9.66s | For 'input voltage', which is larger: OP | pred="For 'input voltage':\n- OPA2376: The "
[2][104][cross] ok=True in=3835 out=80 6.84s | For 'input voltage', which is larger: LM | pred='LM5180 has an input voltage range of'
[2][105][cross] ok=False in=3206 out=88 7.04s | For 'input voltage', which is larger: SN | pred='For input voltage:\n- SN65HVD230: Not'
[2][106][cross] ok=False in=3665 out=102 8.2s | For 'input voltage', which is larger: TM | pred="For 'input voltage', the TMP20 has a"
[2][107][cross] ok=False in=3231 out=83 6.68s | For 'input voltage', which is larger: OP | pred="For 'input voltage', the OPA192 can "
[2][108][cross] ok=False in=3291 out=69 5.86s | For 'input voltage', which is larger: LM | pred="For 'input voltage':\n- LM5180 has a "
[2][109][cross] ok=False in=2928 out=62 5.04s | For 'input voltage', which is larger: DR | pred="For 'input voltage', the DRV8876 has"
[2][110][cross] ok=True in=3843 out=96 7.93s | For 'input voltage', which is larger: OP | pred='For the input voltage range:\n- OPA23'
[2][111][cross] ok=False in=2837 out=129 9.49s | For 'input voltage', which is larger: BM | pred='For the BME280, the logic input volt'
[2][112][cross] ok=False in=3947 out=53 5.18s | For 'operating temperature', which is la | pred='TLC5947 operating temperature range:'
[2][113][cross] ok=False in=3124 out=81 6.43s | For 'operating temperature', which is la | pred='For the TXS0104E, the operating temp'
[2][114][cross] ok=True in=3598 out=91 7.47s | For 'operating temperature', which is la | pred='For the LM5180, the operating temper'
[2][115][cross] ok=False in=3224 out=88 7.01s | For 'operating temperature', which is la | pred='For the BMP280, the operating temper'
[2][116][cross] ok=False in=2882 out=76 6.06s | For 'operating temperature', which is la | pred='LIS3DH operating temperature range: '
[2][117][cross] ok=False in=3936 out=79 6.75s | For 'operating temperature', which is la | pred='For operating temperature:\n- STM32L1'
[2][118][cross] ok=True in=3045 out=200 14.27s | Compare the datasheet-specified values ' | pred="The specified 'output voltage' for t"
[2][119][cross] ok=False in=3133 out=171 12.73s | Compare the datasheet-specified values ' | pred='The specified output current for the'
seed2 (results_dcu14b_kt_s2.json): 52/120 = 43.3% | cross 9/37 | param 43/83
  本轮 687s | 峰值显存 37.0GB
[3][000][param] ok=True in=3123 out=32 3.28s | What is the specified value for 'junctio | pred='The specified value for the junction'
[3][001][param] ok=False in=2827 out=32 3.09s | What is the specified value for 'resista | pred='The specified value for resistances '
[3][002][param] ok=True in=2814 out=27 2.71s | What is the specified value for 'maximum | pred='The specified value for the maximum '
[3][003][param] ok=True in=2920 out=71 5.7s | What is the specified value for 'the cur | pred='The specified value for the current '
[3][004][param] ok=True in=2618 out=124 9.02s | What is the specified value for 'the pow | pred='The specified values for the TPS5462'
[3][005][param] ok=False in=3072 out=48 4.16s | What is the specified value for 'continu | pred='The specified value for continuous s'
[3][006][param] ok=True in=2845 out=55 4.64s | What is the specified value for 'stop (f | pred="The specified value for 'stop (flash"
[3][007][param] ok=False in=2643 out=103 7.65s | What is the specified value for 'rated f | pred='The specific value for "rated for ju'
[3][008][param] ok=False in=2999 out=161 11.72s | What is the specified value for 'inducto | pred='The specified value for calculating '
[3][009][param] ok=False in=2997 out=44 3.94s | What is the specified value for 'junctio | pred='No direct value for junction-to-ambi'
[3][010][param] ok=False in=2699 out=60 4.83s | What is the specified value for 'VM oper | pred='The specified range for the VM opera'
[3][011][param] ok=True in=2764 out=29 2.77s | What is the specified value for 'supply  | pred="The specified value for 'supply volt"
[3][012][param] ok=True in=2276 out=80 5.85s | What is the specified value for 'maximum | pred='The specified value for the maximum '
[3][013][param] ok=True in=3028 out=30 2.93s | What is the specified value for 'p/n pow | pred='The specified value for the power-su'
[3][014][param] ok=True in=3045 out=38 3.55s | What is the specified value for 'under-v | pred="The specified value for 'under-volta"
[3][015][param] ok=False in=3254 out=108 8.32s | What is the specified value for 'input b | pred="The specified value for 'input bias "
[3][016][param] ok=True in=2755 out=82 6.29s | What is the specified value for 'vil, lo | pred='The specified value for the low leve'
[3][017][param] ok=True in=2755 out=69 5.43s | What is the specified value for 'power s | pred='Based on the provided excerpts, the '
[3][018][param] ok=True in=3590 out=87 7.15s | What is the specified value for 'operati | pred='The specified value for the operatin'
[3][019][param] ok=True in=2916 out=3 1.12s | What is the specified value for 'maximum | pred='6 V'
[3][020][param] ok=False in=2714 out=97 7.27s | What is the specified value for 'enable  | pred='The enable supply voltage (VEN) for '
[3][021][param] ok=True in=3381 out=5 1.61s | What is the specified value for 'total p | pred='11 mW'
[3][022][param] ok=True in=2809 out=28 2.79s | What is the specified value for 'maximum | pred='The specified value for the maximum '
[3][023][param] ok=False in=2521 out=26 2.55s | What is the specified value for 'rated m | pred='The specified value for the rated ma'
[3][024][param] ok=True in=3671 out=26 3.23s | What is the specified value for 'thresho | pred="The specified value for 'threshold h"
[3][025][param] ok=True in=2688 out=26 2.56s | What is the specified value for 'tempera | pred='The Temperature Register of the TMP1'
[3][026][param] ok=False in=2548 out=25 2.42s | What is the specified value for 'tempera | pred="The specified value for 'temperature"
[3][027][param] ok=False in=2700 out=82 6.35s | What is the specified value for 'operate | pred='The operating temperature range (T O'
[3][028][param] ok=False in=2244 out=87 6.49s | What is the specified value for 'changed | pred="The specified value for the 'changed"
[3][029][param] ok=True in=3430 out=77 6.45s | What is the specified value for 'power s | pred='There is no explicit mention of a sp'
[3][030][param] ok=False in=2573 out=106 7.91s | What is the specified value for 'tempera | pred='Based on the provided excerpts, the '
[3][031][param] ok=True in=3093 out=33 3.31s | What is the specified value for 'junctio | pred="The specified value for 'junction-to"
[3][032][param] ok=True in=2998 out=25 2.68s | What is the specified value for 'operati | pred='The operating temperature range for '
[3][033][param] ok=False in=2713 out=98 7.42s | What is the specified value for 'feedbac | pred='The specified value for the feedback'
[3][034][param] ok=True in=2459 out=32 2.89s | What is the specified value for 'maximum | pred="The specified value for 'maximum rep"
[3][035][param] ok=False in=2474 out=78 5.93s | What is the specified value for 'tempera | pred='The provided excerpts do not specify'
[3][036][param] ok=False in=2999 out=69 5.59s | What is the specified value for 'high-si | pred="No specific value for 'high-side MOS"
[3][037][param] ok=True in=3086 out=32 3.25s | What is the specified value for 'voltage | pred='The specified value for the voltage '
[3][038][param] ok=False in=3264 out=24 2.71s | What is the specified value for 'maximum | pred='The maximum repetitive peak isolatio'
[3][039][param] ok=True in=3395 out=31 3.4s | What is the specified value for 'recomme | pred='The specified value for the recommen'
[3][040][param] ok=False in=2829 out=129 9.67s | What is the specified value for 'transmi | pred='The specified value for transmitting'
[3][041][param] ok=True in=2942 out=38 3.54s | What is the specified value for 'power-s | pred='The specified supply voltage range f'
[3][042][param] ok=True in=2409 out=57 4.57s | What is the specified value for 'supply  | pred="The specified value for 'supply volt"
[3][043][param] ok=True in=3506 out=35 3.82s | What is the specified value for 'input o | pred="The specified value for 'input offse"
[3][044][param] ok=False in=2193 out=97 7.17s | What is the specified value for 'critica | pred='The INA3221 features programmable cr'
[3][045][param] ok=True in=2694 out=32 3.0s | What is the specified value for 'A-port  | pred="The specified value for 'A-port VCCA"
[3][046][param] ok=False in=2808 out=183 13.15s | What is the specified value for 'junctio | pred='The junction temperature of the OPA1'
[3][047][param] ok=True in=2499 out=24 2.4s | What is the specified value for 'switchi | pred='The specified value for the switchin'
[3][048][param] ok=False in=3491 out=204 14.85s | What is the specified value for 'switchi | pred='There is no explicit mention of a sp'
[3][049][param] ok=True in=2744 out=28 2.68s | What is the specified value for 'peak so | pred='The LM5111 has a peak sink current c'
[3][050][param] ok=False in=2869 out=62 5.06s | What is the specified value for 'operati | pred='The specified operating junction tem'
[3][051][param] ok=True in=2701 out=30 2.84s | What is the specified value for 'supply  | pred='The specified value for the supply v'
[3][052][param] ok=False in=2665 out=30 2.82s | What is the specified value for 'automot | pred='The specified value for the automoti'
[3][053][param] ok=False in=2788 out=62 4.95s | What is the specified value for 'quiesce | pred='The quiescent current (per amplifier'
[3][054][param] ok=False in=2919 out=80 6.26s | What is the specified value for 'overtem | pred='The specified operating junction tem'
[3][055][param] ok=False in=2657 out=24 2.44s | What is the specified value for 'f corne | pred='The specified bandwidth (which impli'
[3][056][param] ok=False in=3485 out=153 11.56s | What is the specified value for 'switchi | pred='There is no explicit specified value'
[3][057][param] ok=False in=3190 out=25 2.83s | What is the specified value for 'source  | pred='The specified value for source curre'
[3][058][param] ok=True in=2999 out=8 1.54s | What is the specified value for 'output  | pred='Up to 300 mA'
[3][059][param] ok=True in=2693 out=5 1.19s | What is the specified value for 'control | pred='3.3 V'
[3][060][param] ok=True in=2377 out=36 3.15s | What is the specified value for 'junctio | pred="The specified value for 'junction-to"
[3][061][param] ok=True in=2367 out=6 1.13s | What is the specified value for 'interna | pred='304 mW'
[3][062][param] ok=True in=2691 out=54 4.48s | What is the specified value for 'to keep | pred='The specified operating junction tem'
[3][063][param] ok=False in=2678 out=97 7.36s | What is the specified value for 'output  | pred='Based on the provided information, t'
[3][064][param] ok=False in=2366 out=110 8.12s | What is the specified value for 'RRT (fr | pred='The specified value for the frequenc'
[3][065][param] ok=False in=2488 out=84 6.35s | What is the specified value for 'maximum | pred="The specified value for 'maximum rep"
[3][066][param] ok=True in=2776 out=25 2.52s | What is the specified value for 'maximum | pred='The specified value for the maximum '
[3][067][param] ok=False in=2818 out=96 7.37s | What is the specified value for 'hz (low | pred='The specified value for "power consu'
[3][068][param] ok=True in=3355 out=40 3.94s | What is the specified value for 'operati | pred='The specified operating voltage for '
[3][069][param] ok=True in=3098 out=83 6.61s | What is the specified value for 'supply  | pred='The specified supply voltage (VS) fo'
[3][070][param] ok=True in=2169 out=6 1.05s | What is the specified value for 'junctio | pred='150 °C'
[3][071][param] ok=True in=2465 out=24 2.36s | What is the specified value for 'interna | pred='The specified value for the internal'
[3][072][param] ok=True in=2295 out=24 2.29s | What is the specified value for 'maximum | pred="The specified value for 'maximum jun"
[3][073][param] ok=False in=2639 out=50 4.14s | What is the specified value for 'enable  | pred='The enable threshold voltage for the'
[3][074][param] ok=False in=2512 out=53 4.22s | What is the specified value for 'rising  | pred='The specified rising threshold value'
[3][075][param] ok=False in=3297 out=25 2.87s | What is the specified value for 'input b | pred="The specified value for 'input bias "
[3][076][param] ok=True in=2740 out=66 5.26s | What is the specified value for 'output  | pred='The TPS7A37 has fixed output voltage'
[3][077][param] ok=False in=3116 out=37 3.55s | What is the specified value for 'line fr | pred='The specified line frequencies are 5'
[3][078][param] ok=False in=2494 out=94 7.08s | What is the specified value for 'vbus ov | pred="The specified value for 'vbus over v"
[3][079][param] ok=True in=2611 out=80 6.17s | What is the specified value for 'enable  | pred='For the TPS54360, the internal under'
[3][080][param] ok=False in=2402 out=131 9.5s | What is the specified value for 'the vol | pred='There is no direct specified value f'
[3][081][param] ok=True in=3703 out=30 3.51s | What is the specified value for 'inputs  | pred="The specified value for 'inputs acce"
[3][082][param] ok=False in=2146 out=82 6.14s | What is the specified value for 'high-si | pred="The specified value for 'high-side c"
[3][083][cross] ok=True in=2445 out=63 4.99s | For the datasheet parameter 'junction-to | pred='TPS62150 specifies a junction-to-amb'
[3][084][cross] ok=False in=2917 out=140 10.35s | For the datasheet parameter 'supply volt | pred="For the parameter 'supply voltage':\n"
[3][085][cross] ok=True in=2926 out=66 5.52s | For the datasheet parameter 'supply volt | pred="For the 'supply voltage' parameter, "
[3][086][cross] ok=False in=2605 out=90 6.86s | For the datasheet parameter 'supply volt | pred='For the BME280, the supply voltage r'
[3][087][cross] ok=True in=3035 out=57 4.86s | For the datasheet parameter 'maximum jun | pred="For the parameter 'maximum junction "
[3][088][cross] ok=False in=3709 out=118 9.38s | For the datasheet parameter 'input bias  | pred="For the parameter 'input bias curren"
[3][089][cross] ok=False in=3606 out=88 7.29s | For the datasheet parameter 'power suppl | pred="For the 'power supply recommendation"
[3][090][cross] ok=False in=2590 out=104 7.76s | For the datasheet parameter 'maximum rep | pred='For the AMC1400, the maximum repetit'
[3][091][cross] ok=False in=3363 out=144 10.88s | For the datasheet parameter 'switching n | pred='The given excerpts do not explicitly'
[3][092][cross] ok=True in=3142 out=123 9.36s | For the datasheet parameter 'enable and  | pred="For the 'enable and adjusting underv"
[3][093][cross] ok=False in=3136 out=198 14.34s | For 'input voltage', which is larger: TM | pred='For the TMP1075, the maximum input v'
[3][094][cross] ok=False in=2866 out=182 13.14s | For 'input voltage', which is larger: TM | pred='For the TMP1075, the maximum input v'
[3][095][cross] ok=False in=2593 out=52 4.31s | For the datasheet parameter 'safety outp | pred="For the parameter 'safety output sup"
[3][096][cross] ok=False in=3919 out=87 7.44s | For 'operating temperature', which is la | pred='For the TLC5947, the operating tempe'
[3][097][cross] ok=False in=2755 out=196 13.82s | Compare the datasheet-specified values ' | pred='For the UCC28060, the specific value'
[3][098][cross] ok=False in=3167 out=89 7.12s | For 'operating temperature', which is la | pred='For the AMC1311, the specified ambie'
[3][099][cross] ok=False in=3280 out=53 4.69s | For 'operating temperature', which is la | pred='For the operating temperature:\n- AMC'
[3][100][cross] ok=False in=3297 out=165 12.33s | For 'input voltage', which is larger: TM | pred='For TMP1075, the maximum input volta'
[3][101][cross] ok=False in=3054 out=70 5.67s | For 'input voltage', which is larger: IN | pred='INA219: The input voltage range is f'
[3][102][cross] ok=False in=3207 out=85 6.79s | For 'input voltage', which is larger: BM | pred='For input voltage:\n- BME280: The sup'
[3][103][cross] ok=False in=3458 out=89 7.19s | For 'input voltage', which is larger: OP | pred="For 'input voltage':\n- OPA2376: The "
[3][104][cross] ok=True in=3835 out=76 6.66s | For 'input voltage', which is larger: LM | pred="For 'input voltage', the LM5180 has "
[3][105][cross] ok=False in=3206 out=131 9.94s | For 'input voltage', which is larger: SN | pred='For input voltage:\n- SN65HVD230: Not'
[3][106][cross] ok=False in=3665 out=56 5.21s | For 'input voltage', which is larger: TM | pred="For 'input voltage', the INA219 has "
[3][107][cross] ok=False in=3231 out=73 6.09s | For 'input voltage', which is larger: OP | pred='For input voltage, the OPA192 can op'
[3][108][cross] ok=False in=3291 out=64 5.46s | For 'input voltage', which is larger: LM | pred="For 'input voltage':\n- LM5180 has an"
[3][109][cross] ok=False in=2928 out=35 3.24s | For 'input voltage', which is larger: DR | pred="For 'input voltage':\n- DRV8876: 5.5 "
[3][110][cross] ok=True in=3843 out=79 6.82s | For 'input voltage', which is larger: OP | pred="For 'input voltage', the maximum sup"
[3][111][cross] ok=False in=2837 out=76 5.98s | For 'input voltage', which is larger: BM | pred='For the BME280, the logic input volt'
[3][112][cross] ok=True in=3947 out=74 6.6s | For 'operating temperature', which is la | pred='For the TLC5947, the operating tempe'
[3][113][cross] ok=False in=3124 out=123 9.41s | For 'operating temperature', which is la | pred='For the TXS0104E, the operating temp'
[3][114][cross] ok=True in=3598 out=66 5.84s | For 'operating temperature', which is la | pred='For the LM5180, the operating temper'
[3][115][cross] ok=False in=3224 out=130 9.84s | For 'operating temperature', which is la | pred='For the BMP280, the operating temper'
[3][116][cross] ok=False in=2882 out=80 6.31s | For 'operating temperature', which is la | pred='LIS3DH operating temperature range: '
[3][117][cross] ok=False in=3936 out=98 8.13s | For 'operating temperature', which is la | pred='For the operating temperature:\n\n- **'
[3][118][cross] ok=True in=3045 out=233 16.65s | Compare the datasheet-specified values ' | pred='For the TPS7A37, the output voltage '
[3][119][cross] ok=False in=3133 out=109 8.43s | Compare the datasheet-specified values ' | pred='The TPS62203 specifies an output cur'
seed3 (results_dcu14b_kt_s3.json): 53/120 = 44.2% | cross 9/37 | param 44/83
  本轮 705s | 峰值显存 37.0GB

== dcu14b_kt k-trial: mean 43.6% ± 0.5pp, 95%CI [42.4%, 44.8%] (n=3, t=4.303) ==
   逐 seed: ['43.3%', '43.3%', '44.2%']
=== 14B kt end rc=0 Wed Oct  7 03:13:49 CST 2026 ===
=== 7B kt start Wed Oct  7 03:13:49 CST 2026 ===
上下文来自 eval/qa100/ctx_v3_k5.json（跳过检索层，题数 120）| 提示词=loose
Loading checkpoint shards:   0%|          | 0/4 [00:00<?, ?it/s]Loading checkpoint shards:  25%|██▌       | 1/4 [00:00<00:02,  1.35it/s]Loading checkpoint shards:  50%|█████     | 2/4 [00:01<00:01,  1.57it/s]Loading checkpoint shards:  75%|███████▌  | 3/4 [00:01<00:00,  1.82it/s]Loading checkpoint shards: 100%|██████████| 4/4 [00:02<00:00,  1.86it/s]Loading checkpoint shards: 100%|██████████| 4/4 [00:02<00:00,  1.76it/s]
模型加载 73.8s | 显存 15.3GB | attn=eager dtype=bfloat16 | eos='<|im_end|>'
[1][000][param] ok=True in=3123 out=33 7.98s | What is the specified value for 'junctio | pred='The junction temperature range for t'
[1][001][param] ok=False in=2827 out=107 4.78s | What is the specified value for 'resista | pred='Based on the provided excerpts, the '
[1][002][param] ok=True in=2814 out=6 0.64s | What is the specified value for 'maximum | pred='150 °C'
[1][003][param] ok=True in=2920 out=5 0.63s | What is the specified value for 'the cur | pred='0.5 V'
[1][004][param] ok=True in=2618 out=123 5.36s | What is the specified value for 'the pow | pred='Based on the provided excerpts, the '
[1][005][param] ok=False in=3072 out=4 0.62s | What is the specified value for 'continu | pred='10mA'
[1][006][param] ok=True in=2845 out=41 2.1s | What is the specified value for 'stop (f | pred="The specified value for 'stop (flash"
[1][007][param] ok=False in=2643 out=86 3.87s | What is the specified value for 'rated f | pred='Information about the specified valu'
[1][008][param] ok=False in=2999 out=110 4.94s | What is the specified value for 'inducto | pred='The specified value for inductor cur'
[1][009][param] ok=False in=2997 out=124 5.52s | What is the specified value for 'junctio | pred='The provided junction-to-ambient the'
[1][010][param] ok=False in=2699 out=35 1.81s | What is the specified value for 'VM oper | pred="The specified value for 'VM operatin"
[1][011][param] ok=True in=2764 out=24 1.35s | What is the specified value for 'supply  | pred='The specified supply voltage for TMP'
[1][012][param] ok=True in=2276 out=58 2.65s | What is the specified value for 'maximum | pred="The specified value for 'maximum jun"
[1][013][param] ok=True in=3028 out=27 1.55s | What is the specified value for 'p/n pow | pred='The specified power-supply voltage r'
[1][014][param] ok=True in=3045 out=38 2.02s | What is the specified value for 'under-v | pred="The specified value for 'under-volta"
[1][015][param] ok=False in=3254 out=89 4.17s | What is the specified value for 'input b | pred='The datasheet does not provide a spe'
[1][016][param] ok=False in=2755 out=34 1.78s | What is the specified value for 'vil, lo | pred="The specified value for 'vil, low le"
[1][017][param] ok=True in=2755 out=54 2.59s | What is the specified value for 'power s | pred='The datasheet does not explicitly sp'
[1][018][param] ok=False in=3590 out=68 3.39s | What is the specified value for 'operati | pred="The specified value for 'operating j"
[1][019][param] ok=True in=2916 out=3 0.55s | What is the specified value for 'maximum | pred='6 V'
[1][020][param] ok=False in=2714 out=105 4.66s | What is the specified value for 'enable  | pred='From the provided information, the e'
[1][021][param] ok=True in=3381 out=5 0.76s | What is the specified value for 'total p | pred='11 mW'
[1][022][param] ok=False in=2809 out=6 0.64s | What is the specified value for 'maximum | pred='151 °C'
[1][023][param] ok=False in=2521 out=48 2.31s | What is the specified value for 'rated m | pred='The specified value for "rated mains'
[1][024][param] ok=True in=3671 out=26 1.7s | What is the specified value for 'thresho | pred="The specified value for 'threshold h"
[1][025][param] ok=True in=2688 out=24 1.34s | What is the specified value for 'tempera | pred='The TMP104 temperature register read'
[1][026][param] ok=True in=2548 out=24 1.31s | What is the specified value for 'tempera | pred='The specified temperature range for '
[1][027][param] ok=True in=2700 out=24 1.35s | What is the specified value for 'operate | pred='The specified operating temperature '
[1][028][param] ok=False in=2244 out=49 2.28s | What is the specified value for 'changed | pred='The excerpt does not provide a speci'
[1][029][param] ok=True in=3430 out=172 7.58s | What is the specified value for 'power s | pred='Based on the provided excerpts, ther'
[1][030][param] ok=False in=2573 out=21 1.35s | What is the specified value for 'tempera | pred='The specified temperature resolution'
[1][031][param] ok=True in=3093 out=37 2.01s | What is the specified value for 'junctio | pred="The specified value for 'junction-to"
[1][032][param] ok=False in=2998 out=26 1.52s | What is the specified value for 'operati | pred='The operating temperature range for '
[1][033][param] ok=False in=2713 out=233 9.86s | What is the specified value for 'feedbac | pred='From the given excerpts, the feedbac'
[1][034][param] ok=True in=2459 out=30 1.57s | What is the specified value for 'maximum | pred="The specified value for 'maximum rep"
[1][035][param] ok=False in=2474 out=46 2.22s | What is the specified value for 'tempera | pred='The datasheet does not specify a con'
[1][036][param] ok=False in=2999 out=50 2.5s | What is the specified value for 'high-si | pred='The datasheet excerpt provided does '
[1][037][param] ok=True in=3086 out=38 2.04s | What is the specified value for 'voltage | pred='The specified value for the voltage '
[1][038][param] ok=False in=3264 out=96 4.41s | What is the specified value for 'maximum | pred='The specified maximum working voltag'
[1][039][param] ok=False in=3395 out=33 1.9s | What is the specified value for 'recomme | pred='The specified value for the recommen'
[1][040][param] ok=False in=2829 out=57 2.76s | What is the specified value for 'transmi | pred='The provided excerpts do not contain'
[1][041][param] ok=True in=2942 out=56 2.73s | What is the specified value for 'power-s | pred='The specified supply voltage range f'
[1][042][param] ok=False in=2409 out=60 2.79s | What is the specified value for 'supply  | pred='The specified supply voltage range f'
[1][043][param] ok=True in=3506 out=45 2.41s | What is the specified value for 'input o | pred="The specified value for 'input offse"
[1][044][param] ok=False in=2193 out=120 5.2s | What is the specified value for 'critica | pred='From the provided excerpts, the spec'
[1][045][param] ok=True in=2694 out=30 1.61s | What is the specified value for 'A-port  | pred="The specified value for 'A-port VCCA"
[1][046][param] ok=False in=2808 out=37 1.89s | What is the specified value for 'junctio | pred='The specified value for junction to '
[1][047][param] ok=False in=2499 out=5 0.55s | What is the specified value for 'switchi | pred='571 kHz'
[1][048][param] ok=False in=3491 out=175 7.72s | What is the specified value for 'switchi | pred='From the given excerpts, there is no'
[1][049][param] ok=True in=2744 out=27 1.47s | What is the specified value for 'peak so | pred='The specified peak source current fo'
[1][050][param] ok=False in=2869 out=92 4.2s | What is the specified value for 'operati | pred="The specified value for 'operating j"
[1][051][param] ok=True in=2701 out=30 1.61s | What is the specified value for 'supply  | pred='The specified supply voltage range f'
[1][052][param] ok=False in=2665 out=34 1.76s | What is the specified value for 'automot | pred="The specified value for the 'automot"
[1][053][param] ok=False in=2788 out=71 3.27s | What is the specified value for 'quiesce | pred='The quiescent current per amplifier '
[1][054][param] ok=False in=2919 out=29 1.63s | What is the specified value for 'overtem | pred='The specified operating junction tem'
[1][055][param] ok=False in=2657 out=41 2.05s | What is the specified value for 'f corne | pred='The given excerpts do not specify a '
[1][056][param] ok=False in=3485 out=256 11.03s | What is the specified value for 'switchi | pred='From the given excerpts, there is no'
[1][057][param] ok=False in=3190 out=56 2.8s | What is the specified value for 'source  | pred='The specified value for source curre'
[1][058][param] ok=True in=2999 out=20 1.29s | What is the specified value for 'output  | pred='The specified output current for TPS'
[1][059][param] ok=True in=2693 out=27 1.48s | What is the specified value for 'control | pred="The specified value for 'controller "
[1][060][param] ok=True in=2377 out=36 1.8s | What is the specified value for 'junctio | pred="The specified value for 'junction-to"
[1][061][param] ok=True in=2367 out=24 1.31s | What is the specified value for 'interna | pred='The specified value for internal pow'
[1][062][param] ok=True in=2691 out=52 2.51s | What is the specified value for 'to keep | pred='The specified operating junction tem'
[1][063][param] ok=False in=2678 out=74 3.4s | What is the specified value for 'output  | pred='From the provided information, there'
[1][064][param] ok=False in=2366 out=65 2.98s | What is the specified value for 'RRT (fr | pred='The excerpt does not specify a concr'
[1][065][param] ok=False in=2488 out=7 0.6s | What is the specified value for 'maximum | pred='5.5-kVRMS'
[1][066][param] ok=True in=2776 out=24 1.36s | What is the specified value for 'maximum | pred="The specified value for 'maximum con"
[1][067][param] ok=False in=2818 out=71 3.34s | What is the specified value for 'hz (low | pred='The provided excerpts do not contain'
[1][068][param] ok=True in=3355 out=41 2.24s | What is the specified value for 'operati | pred='The specified operating voltage rang'
[1][069][param] ok=False in=3098 out=31 1.76s | What is the specified value for 'supply  | pred='The specified supply voltage range f'
[1][070][param] ok=True in=2169 out=23 1.23s | What is the specified value for 'junctio | pred='The specified value for junction tem'
[1][071][param] ok=True in=2465 out=23 1.29s | What is the specified value for 'interna | pred='The specified value for the internal'
[1][072][param] ok=True in=2295 out=6 0.55s | What is the specified value for 'maximum | pred='150 °C'
[1][073][param] ok=False in=2639 out=62 2.91s | What is the specified value for 'enable  | pred='The specified value for the internal'
[1][074][param] ok=False in=2512 out=49 2.33s | What is the specified value for 'rising  | pred='The specified value for the rising t'
[1][075][param] ok=False in=3297 out=77 3.69s | What is the specified value for 'input b | pred="The specified value for 'input bias "
[1][076][param] ok=False in=2740 out=169 7.29s | What is the specified value for 'output  | pred='Based on the provided excerpts, the '
[1][077][param] ok=False in=3116 out=256 11.09s | What is the specified value for 'line fr | pred="The specified value for 'line freque"
[1][078][param] ok=False in=2494 out=43 2.1s | What is the specified value for 'vbus ov | pred='From the provided excerpts, the VBUS'
[1][079][param] ok=False in=2611 out=39 1.96s | What is the specified value for 'enable  | pred='The specified value for the internal'
[1][080][param] ok=False in=2402 out=45 2.18s | What is the specified value for 'the vol | pred='The specified value for the voltage '
[1][081][param] ok=True in=3703 out=23 1.59s | What is the specified value for 'inputs  | pred='The SN74LVC245A accepts input voltag'
[1][082][param] ok=False in=2146 out=58 2.66s | What is the specified value for 'high-si | pred='The excerpt provided does not contai'
[1][083][cross] ok=False in=2445 out=81 3.66s | For the datasheet parameter 'junction-to | pred='The TPS6215x has a junction-to-ambie'
[1][084][cross] ok=False in=2917 out=118 5.27s | For the datasheet parameter 'supply volt | pred='For the supply voltage:\n- TMP1075: 5'
[1][085][cross] ok=False in=2926 out=68 3.23s | For the datasheet parameter 'supply volt | pred='For the supply voltage:\n- TMP1075: 5'
[1][086][cross] ok=False in=2605 out=58 2.74s | For the datasheet parameter 'supply volt | pred='For the supply voltage:\n- BME280 doe'
[1][087][cross] ok=True in=3035 out=52 2.6s | For the datasheet parameter 'maximum jun | pred='The maximum junction temperature for'
[1][088][cross] ok=False in=3709 out=93 4.44s | For the datasheet parameter 'input bias  | pred='For OPA4322, the input bias current '
[1][089][cross] ok=True in=3606 out=96 4.61s | For the datasheet parameter 'power suppl | pred='For the power supply recommendations'
[1][090][cross] ok=False in=2590 out=68 3.22s | For the datasheet parameter 'maximum rep | pred="For the parameter 'maximum repetitiv"
[1][091][cross] ok=False in=3363 out=219 9.73s | For the datasheet parameter 'switching n | pred='The provided excerpts do not contain'
[1][092][cross] ok=False in=3142 out=90 4.28s | For the datasheet parameter 'enable and  | pred='For the TPS54541, the internal under'
[1][093][cross] ok=False in=3136 out=157 7.05s | For 'input voltage', which is larger: TM | pred='For the input voltage (SCL, SDA, A1,'
[1][094][cross] ok=False in=2866 out=144 6.46s | For 'input voltage', which is larger: TM | pred='For input voltage SCL, SDA, A1, A2:\n'
[1][095][cross] ok=False in=2593 out=49 2.41s | For the datasheet parameter 'safety outp | pred='The UCC21530 specifies a larger valu'
[1][096][cross] ok=False in=3919 out=67 3.52s | For 'operating temperature', which is la | pred='For operating temperature:\n- TLC5947'
[1][097][cross] ok=False in=2755 out=175 7.65s | Compare the datasheet-specified values ' | pred='From the UCC28060 datasheet, there i'
[1][098][cross] ok=False in=3167 out=96 4.49s | For 'operating temperature', which is la | pred='The operating junction temperature r'
[1][099][cross] ok=False in=3280 out=96 4.49s | For 'operating temperature', which is la | pred='The operating temperature range for '
[1][100][cross] ok=False in=3297 out=84 4.03s | For 'input voltage', which is larger: TM | pred='For the input voltage SCL, SDA, A1, '
[1][101][cross] ok=False in=3054 out=102 4.71s | For 'input voltage', which is larger: IN | pred='For the input voltage range:\n\n- **IN'
[1][102][cross] ok=False in=3207 out=145 6.55s | For 'input voltage', which is larger: BM | pred='From the excerpts provided, the supp'
[1][103][cross] ok=False in=3458 out=78 3.83s | For 'input voltage', which is larger: OP | pred='For the input voltage (V_IN):\n- OPA2'
[1][104][cross] ok=True in=3835 out=64 3.37s | For 'input voltage', which is larger: LM | pred='For the input voltage range:\n\n- LM51'
[1][105][cross] ok=False in=3206 out=256 11.33s | For 'input voltage', which is larger: SN | pred='Based on the provided information, t'
[1][106][cross] ok=False in=3665 out=56 2.96s | For 'input voltage', which is larger: TM | pred='For input voltage range:\n- TMP21: 1.'
[1][107][cross] ok=False in=3231 out=75 3.65s | For 'input voltage', which is larger: OP | pred='For the maximum input voltage (VIN+ '
[1][108][cross] ok=False in=3291 out=147 6.63s | For 'input voltage', which is larger: LM | pred='For input voltage:\n- LM5180: 4.5 V t'
[1][109][cross] ok=False in=2928 out=72 3.41s | For 'input voltage', which is larger: DR | pred="For 'input voltage':\n- TMP1075 has a"
[1][110][cross] ok=True in=3843 out=256 11.32s | For 'input voltage', which is larger: OP | pred='From the provided datasheets, the in'
[1][111][cross] ok=False in=2837 out=72 3.43s | For 'input voltage', which is larger: BM | pred='For the input voltage (V_IN), the BM'
[1][112][cross] ok=True in=3947 out=82 4.12s | For 'operating temperature', which is la | pred='For operating temperature:\n- TLC5947'
[1][113][cross] ok=False in=3124 out=67 3.26s | For 'operating temperature', which is la | pred='For the operating temperature range:'
[1][114][cross] ok=False in=3598 out=63 3.22s | For 'operating temperature', which is la | pred='For LM5180, the operating temperatur'
[1][115][cross] ok=True in=3224 out=67 3.28s | For 'operating temperature', which is la | pred='For the operating temperature range:'
[1][116][cross] ok=False in=2882 out=98 4.5s | For 'operating temperature', which is la | pred='Operating temperature range for LIS3'
[1][117][cross] ok=False in=3936 out=52 2.85s | For 'operating temperature', which is la | pred='For the operating temperature range:'
[1][118][cross] ok=False in=3045 out=94 4.38s | Compare the datasheet-specified values ' | pred='The TPS7A37 datasheet specifies an o'
[1][119][cross] ok=False in=3133 out=132 5.98s | Compare the datasheet-specified values ' | pred='From the TPS62203 datasheet, the max'
seed1 (results_dcu7b_kt_s1.json): 42/120 = 35.0% | cross 6/37 | param 36/83
  本轮 415s | 峰值显存 20.1GB
[2][000][param] ok=True in=3123 out=33 1.88s | What is the specified value for 'junctio | pred='The junction temperature range for t'
[2][001][param] ok=False in=2827 out=94 4.34s | What is the specified value for 'resista | pred='Based on the provided information, t'
[2][002][param] ok=True in=2814 out=6 0.65s | What is the specified value for 'maximum | pred='150 °C'
[2][003][param] ok=True in=2920 out=69 3.29s | What is the specified value for 'the cur | pred='The specified value for "the current'
[2][004][param] ok=True in=2618 out=119 5.31s | What is the specified value for 'the pow | pred='Based on the provided excerpts, the '
[2][005][param] ok=False in=3072 out=4 0.62s | What is the specified value for 'continu | pred='10mA'
[2][006][param] ok=True in=2845 out=42 2.18s | What is the specified value for 'stop (f | pred="The specified value for 'stop (flash"
[2][007][param] ok=False in=2643 out=38 1.96s | What is the specified value for 'rated f | pred='The given excerpts do not provide a '
[2][008][param] ok=False in=2999 out=74 3.53s | What is the specified value for 'inducto | pred='Based on the provided information, t'
[2][009][param] ok=True in=2997 out=111 5.07s | What is the specified value for 'junctio | pred='The datasheet does not explicitly pr'
[2][010][param] ok=False in=2699 out=35 1.84s | What is the specified value for 'VM oper | pred="The specified value for 'VM operatin"
[2][011][param] ok=True in=2764 out=26 1.45s | What is the specified value for 'supply  | pred='The specified supply voltage range f'
[2][012][param] ok=True in=2276 out=67 3.07s | What is the specified value for 'maximum | pred="The specified value for 'maximum jun"
[2][013][param] ok=True in=3028 out=27 1.58s | What is the specified value for 'p/n pow | pred='The specified power-supply voltage r'
[2][014][param] ok=True in=3045 out=38 2.05s | What is the specified value for 'under-v | pred="The specified value for 'under-volta"
[2][015][param] ok=False in=3254 out=38 2.11s | What is the specified value for 'input b | pred='The given excerpts do not provide a '
[2][016][param] ok=False in=2755 out=35 1.84s | What is the specified value for 'vil, lo | pred="The specified value for 'vil, low le"
[2][017][param] ok=True in=2755 out=65 3.22s | What is the specified value for 'power s | pred='Based on the provided excerpts, the '
[2][018][param] ok=False in=3590 out=70 3.55s | What is the specified value for 'operati | pred="The specified value for 'operating j"
[2][019][param] ok=True in=2916 out=3 0.56s | What is the specified value for 'maximum | pred='6 V'
[2][020][param] ok=False in=2714 out=148 6.59s | What is the specified value for 'enable  | pred='From the provided excerpts, there is'
[2][021][param] ok=True in=3381 out=5 0.76s | What is the specified value for 'total p | pred='11 mW'
[2][022][param] ok=False in=2809 out=6 0.65s | What is the specified value for 'maximum | pred='151 °C'
[2][023][param] ok=False in=2521 out=87 4.0s | What is the specified value for 'rated m | pred='The specified value for "rated mains'
[2][024][param] ok=True in=3671 out=29 1.85s | What is the specified value for 'thresho | pred="The specified value for 'threshold h"
[2][025][param] ok=True in=2688 out=24 1.36s | What is the specified value for 'tempera | pred='The TMP104 temperature register read'
[2][026][param] ok=True in=2548 out=23 1.29s | What is the specified value for 'tempera | pred='The specified temperature range for '
[2][027][param] ok=True in=2700 out=24 1.5s | What is the specified value for 'operate | pred='The specified operating temperature '
[2][028][param] ok=False in=2244 out=43 2.08s | What is the specified value for 'changed | pred='The excerpt does not provide a speci'
[2][029][param] ok=True in=3430 out=104 4.91s | What is the specified value for 'power s | pred='From the given provided excerpts, th'
[2][030][param] ok=False in=2573 out=25 1.4s | What is the specified value for 'tempera | pred='The specified value for temperature '
[2][031][param] ok=True in=3093 out=36 2.0s | What is the specified value for 'junctio | pred="The specified value for 'junction-to"
[2][032][param] ok=False in=2998 out=29 1.68s | What is the specified value for 'operati | pred='The specified operating temperature '
[2][033][param] ok=False in=2713 out=124 5.57s | What is the specified value for 'feedbac | pred='From the excerpts provided, the feed'
[2][034][param] ok=True in=2459 out=30 1.6s | What is the specified value for 'maximum | pred="The specified value for 'maximum rep"
[2][035][param] ok=False in=2474 out=69 3.23s | What is the specified value for 'tempera | pred='The datasheet does not explicitly sp'
[2][036][param] ok=False in=2999 out=60 2.97s | What is the specified value for 'high-si | pred='The given excerpt does not provide a'
[2][037][param] ok=True in=3086 out=41 2.21s | What is the specified value for 'voltage | pred='The specified value for the voltage '
[2][038][param] ok=False in=3264 out=88 4.18s | What is the specified value for 'maximum | pred="The specified value for 'maximum wor"
[2][039][param] ok=False in=3395 out=30 1.81s | What is the specified value for 'recomme | pred='The specified value for the recommen'
[2][040][param] ok=False in=2829 out=47 2.4s | What is the specified value for 'transmi | pred='The provided datasheet excerpts do n'
[2][041][param] ok=True in=2942 out=58 2.88s | What is the specified value for 'power-s | pred='The specified supply voltage range f'
[2][042][param] ok=False in=2409 out=54 2.59s | What is the specified value for 'supply  | pred='The specified supply voltage range f'
[2][043][param] ok=True in=3506 out=58 3.01s | What is the specified value for 'input o | pred="The specified value for 'input offse"
[2][044][param] ok=False in=2193 out=33 1.67s | What is the specified value for 'critica | pred='From the given excerpts, the voltage'
[2][045][param] ok=True in=2694 out=30 1.63s | What is the specified value for 'A-port  | pred="The specified value for 'A-port VCCA"
[2][046][param] ok=False in=2808 out=36 1.89s | What is the specified value for 'junctio | pred='The specified junction to ambient th'
[2][047][param] ok=False in=2499 out=22 1.27s | What is the specified value for 'switchi | pred='The specified switching frequency fo'
[2][048][param] ok=False in=3491 out=138 6.35s | What is the specified value for 'switchi | pred='From the given excerpts, there is no'
[2][049][param] ok=True in=2744 out=30 1.62s | What is the specified value for 'peak so | pred='The specified peak source/sink curre'
[2][050][param] ok=False in=2869 out=100 4.63s | What is the specified value for 'operati | pred="The specified value for 'operating j"
[2][051][param] ok=True in=2701 out=39 2.02s | What is the specified value for 'supply  | pred='The specified supply voltage range f'
[2][052][param] ok=False in=2665 out=34 1.79s | What is the specified value for 'automot | pred="The specified value for the 'automot"
[2][053][param] ok=False in=2788 out=73 3.43s | What is the specified value for 'quiesce | pred='The quiescent current per amplifier '
[2][054][param] ok=False in=2919 out=28 1.63s | What is the specified value for 'overtem | pred='The operating junction temperature r'
[2][055][param] ok=False in=2657 out=41 2.09s | What is the specified value for 'f corne | pred='The given excerpts do not specify a '
[2][056][param] ok=False in=3485 out=121 5.64s | What is the specified value for 'switchi | pred='From the provided excerpts, there is'
[2][057][param] ok=False in=3190 out=84 4.03s | What is the specified value for 'source  | pred='The specified value for the source c'
[2][058][param] ok=True in=2999 out=26 1.56s | What is the specified value for 'output  | pred='The specified output current for TPS'
[2][059][param] ok=True in=2693 out=27 1.5s | What is the specified value for 'control | pred="The specified value for 'controller "
[2][060][param] ok=True in=2377 out=40 1.99s | What is the specified value for 'junctio | pred="The specified value for 'junction-to"
[2][061][param] ok=True in=2367 out=23 1.29s | What is the specified value for 'interna | pred='The specified value for internal pow'
[2][062][param] ok=True in=2691 out=54 2.62s | What is the specified value for 'to keep | pred='The specified operating junction tem'
[2][063][param] ok=False in=2678 out=82 3.78s | What is the specified value for 'output  | pred='From the given information, the spec'
[2][064][param] ok=False in=2366 out=64 2.99s | What is the specified value for 'RRT (fr | pred='The excerpt provided does not specif'
[2][065][param] ok=False in=2488 out=7 0.61s | What is the specified value for 'maximum | pred='5.5-kVRMS'
[2][066][param] ok=True in=2776 out=24 1.37s | What is the specified value for 'maximum | pred="The specified value for 'maximum con"
[2][067][param] ok=False in=2818 out=36 1.92s | What is the specified value for 'hz (low | pred='The datasheet does not specify a val'
[2][068][param] ok=True in=3355 out=42 2.3s | What is the specified value for 'operati | pred='The specified operating voltage rang'
[2][069][param] ok=False in=3098 out=31 1.78s | What is the specified value for 'supply  | pred='The specified supply voltage range f'
[2][070][param] ok=True in=2169 out=22 1.2s | What is the specified value for 'junctio | pred='The specified value for junction tem'
[2][071][param] ok=True in=2465 out=23 1.3s | What is the specified value for 'interna | pred='The specified value for the internal'
[2][072][param] ok=True in=2295 out=6 0.56s | What is the specified value for 'maximum | pred='150 °C'
[2][073][param] ok=True in=2639 out=69 3.23s | What is the specified value for 'enable  | pred='The specified value for the "interna'
[2][074][param] ok=False in=2512 out=50 2.4s | What is the specified value for 'rising  | pred='The specified value for the rising t'
[2][075][param] ok=False in=3297 out=121 5.56s | What is the specified value for 'input b | pred='From the provided excerpts, the spec'
[2][076][param] ok=True in=2740 out=119 5.32s | What is the specified value for 'output  | pred="The specified value for 'output volt"
[2][077][param] ok=False in=3116 out=78 3.71s | What is the specified value for 'line fr | pred="The specified value for 'line freque"
[2][078][param] ok=False in=2494 out=113 5.17s | What is the specified value for 'vbus ov | pred='From the provided excerpts, the spec'
[2][079][param] ok=False in=2611 out=33 1.73s | What is the specified value for 'enable  | pred='The specified value for the internal'
[2][080][param] ok=False in=2402 out=109 4.86s | What is the specified value for 'the vol | pred='The given excerpts do not specify a '
[2][081][param] ok=True in=3703 out=23 1.6s | What is the specified value for 'inputs  | pred='The SN74LVC245A inputs accept voltag'
[2][082][param] ok=False in=2146 out=25 1.32s | What is the specified value for 'high-si | pred='The given excerpts do not specify a '
[2][083][cross] ok=False in=2445 out=66 3.07s | For the datasheet parameter 'junction-to | pred='The TPS6215x has a junction-to-ambie'
[2][084][cross] ok=False in=2917 out=45 2.31s | For the datasheet parameter 'supply volt | pred='For the supply voltage, the larger v'
[2][085][cross] ok=False in=2926 out=62 3.02s | For the datasheet parameter 'supply volt | pred='For the supply voltage:\n- TMP1075: 5'
[2][086][cross] ok=False in=2605 out=48 2.35s | For the datasheet parameter 'supply volt | pred='For the supply voltage:\n- BME280 doe'
[2][087][cross] ok=True in=3035 out=54 2.71s | For the datasheet parameter 'maximum jun | pred='The maximum junction temperature for'
[2][088][cross] ok=False in=3709 out=98 4.71s | For the datasheet parameter 'input bias  | pred='For OPA4322, the input bias current '
[2][089][cross] ok=True in=3606 out=68 3.43s | For the datasheet parameter 'power suppl | pred='For the power supply recommendations'
[2][090][cross] ok=False in=2590 out=70 3.26s | For the datasheet parameter 'maximum rep | pred="For the parameter 'maximum repetitiv"
[2][091][cross] ok=False in=3363 out=256 11.17s | For the datasheet parameter 'switching n | pred='Based on the provided excerpts, ther'
[2][092][cross] ok=False in=3142 out=105 4.87s | For the datasheet parameter 'enable and  | pred='For the TPS54541, the internal under'
[2][093][cross] ok=False in=3136 out=89 4.17s | For 'input voltage', which is larger: TM | pred='For input voltage SCL, SDA, A1, A2:\n'
[2][094][cross] ok=False in=2866 out=177 7.8s | For 'input voltage', which is larger: TM | pred="For 'input voltage':\n- TMP1075: 6.5 "
[2][095][cross] ok=False in=2593 out=120 5.35s | For the datasheet parameter 'safety outp | pred="For the 'safety output supply curren"
[2][096][cross] ok=False in=3919 out=53 2.91s | For 'operating temperature', which is la | pred='For operating temperature:\n- TLC5947'
[2][097][cross] ok=False in=2755 out=256 11.02s | Compare the datasheet-specified values ' | pred='From the UCC28060 datasheet, the out'
[2][098][cross] ok=False in=3167 out=98 4.57s | For 'operating temperature', which is la | pred='The operating junction temperature r'
[2][099][cross] ok=False in=3280 out=45 2.38s | For 'operating temperature', which is la | pred='The maximum operating temperature fo'
[2][100][cross] ok=False in=3297 out=64 3.2s | For 'input voltage', which is larger: TM | pred='For the input voltage SCL, SDA, A1, '
[2][101][cross] ok=False in=3054 out=154 6.89s | For 'input voltage', which is larger: IN | pred='For the input voltage range:\n\n- **IN'
[2][102][cross] ok=False in=3207 out=245 10.72s | For 'input voltage', which is larger: BM | pred='Based on the provided excerpts, ther'
[2][103][cross] ok=False in=3458 out=50 2.65s | For 'input voltage', which is larger: OP | pred='For the input voltage (V_IN):\n- OPA2'
[2][104][cross] ok=True in=3835 out=95 4.62s | For 'input voltage', which is larger: LM | pred='For the input voltage range:\n\n- LM51'
[2][105][cross] ok=False in=3206 out=214 9.42s | For 'input voltage', which is larger: SN | pred='Based on the provided datasheets, th'
[2][106][cross] ok=False in=3665 out=106 5.16s | For 'input voltage', which is larger: TM | pred="For 'input voltage' range:\n\n- TMP20 "
[2][107][cross] ok=True in=3231 out=63 3.15s | For 'input voltage', which is larger: OP | pred='For input voltage, the OPA2365 has a'
[2][108][cross] ok=False in=3291 out=61 3.06s | For 'input voltage', which is larger: LM | pred='For input voltage:\n- LM5180: 4.5 V t'
[2][109][cross] ok=False in=2928 out=73 3.46s | For 'input voltage', which is larger: DR | pred="For 'input voltage' (SCL, SDA, A1, A"
[2][110][cross] ok=True in=3843 out=133 6.2s | For 'input voltage', which is larger: OP | pred='Based on the provided datasheets, th'
[2][111][cross] ok=False in=2837 out=67 3.21s | For 'input voltage', which is larger: BM | pred='For the input voltage (V_IN):\n- BME2'
[2][112][cross] ok=True in=3947 out=53 2.92s | For 'operating temperature', which is la | pred='For operating temperature:\n- TLC5947'
[2][113][cross] ok=False in=3124 out=65 3.19s | For 'operating temperature', which is la | pred='The operating temperature range for '
[2][114][cross] ok=False in=3598 out=64 3.27s | For 'operating temperature', which is la | pred='For LM5180, the operating temperatur'
[2][115][cross] ok=True in=3224 out=46 2.41s | For 'operating temperature', which is la | pred='For operating temperature:\n- BMP280:'
[2][116][cross] ok=False in=2882 out=39 2.06s | For 'operating temperature', which is la | pred='For operating temperature:\n- LIS3DH:'
[2][117][cross] ok=False in=3936 out=50 2.75s | For 'operating temperature', which is la | pred='For operating temperature:\n- STM32L1'
[2][118][cross] ok=False in=3045 out=102 4.74s | Compare the datasheet-specified values ' | pred='The TPS7A37 datasheet specifies an o'
[2][119][cross] ok=False in=3133 out=90 4.26s | Compare the datasheet-specified values ' | pred='The output current for TPS62203 is 3'
seed2 (results_dcu7b_kt_s2.json): 46/120 = 38.3% | cross 7/37 | param 39/83
  本轮 384s | 峰值显存 20.1GB
[3][000][param] ok=True in=3123 out=89 4.22s | What is the specified value for 'junctio | pred='The specified temperature range for '
[3][001][param] ok=False in=2827 out=68 3.25s | What is the specified value for 'resista | pred='Based on the provided excerpts, the '
[3][002][param] ok=True in=2814 out=29 1.61s | What is the specified value for 'maximum | pred="The specified value for 'maximum jun"
[3][003][param] ok=True in=2920 out=72 3.42s | What is the specified value for 'the cur | pred='The specified value for "the current'
[3][004][param] ok=True in=2618 out=84 3.85s | What is the specified value for 'the pow | pred='Based on the provided excerpts, the '
[3][005][param] ok=False in=3072 out=4 0.62s | What is the specified value for 'continu | pred='10mA'
[3][006][param] ok=True in=2845 out=42 2.18s | What is the specified value for 'stop (f | pred="The specified value for 'stop (flash"
[3][007][param] ok=False in=2643 out=36 1.86s | What is the specified value for 'rated f | pred='The excerpt does not provide a speci'
[3][008][param] ok=False in=2999 out=105 4.83s | What is the specified value for 'inducto | pred='Based on the provided excerpts, ther'
[3][009][param] ok=False in=2997 out=95 4.62s | What is the specified value for 'junctio | pred='The excerpt does not provide a speci'
[3][010][param] ok=False in=2699 out=35 1.92s | What is the specified value for 'VM oper | pred="The specified value for 'VM operatin"
[3][011][param] ok=True in=2764 out=26 1.51s | What is the specified value for 'supply  | pred='The specified supply voltage range f'
[3][012][param] ok=True in=2276 out=68 3.15s | What is the specified value for 'maximum | pred="The specified value for 'maximum jun"
[3][013][param] ok=True in=3028 out=27 1.59s | What is the specified value for 'p/n pow | pred='The specified power-supply voltage r'
[3][014][param] ok=True in=3045 out=38 2.07s | What is the specified value for 'under-v | pred="The specified value for 'under-volta"
[3][015][param] ok=False in=3254 out=24 1.54s | What is the specified value for 'input b | pred='The datasheet does not provide a spe'
[3][016][param] ok=False in=2755 out=35 1.85s | What is the specified value for 'vil, lo | pred="The specified value for 'vil, low le"
[3][017][param] ok=True in=2755 out=7 0.68s | What is the specified value for 'power s | pred='3.3-V Power supply'
[3][018][param] ok=False in=3590 out=102 4.89s | What is the specified value for 'operati | pred="The specified value for 'operating j"
[3][019][param] ok=True in=2916 out=3 0.55s | What is the specified value for 'maximum | pred='6 V'
[3][020][param] ok=False in=2714 out=143 6.38s | What is the specified value for 'enable  | pred='From the given information, the data'
[3][021][param] ok=True in=3381 out=5 0.77s | What is the specified value for 'total p | pred='11 mW'
[3][022][param] ok=False in=2809 out=6 0.65s | What is the specified value for 'maximum | pred='151 °C'
[3][023][param] ok=False in=2521 out=23 1.31s | What is the specified value for 'rated m | pred='The specified value for "rated mains'
[3][024][param] ok=True in=3671 out=26 1.73s | What is the specified value for 'thresho | pred="The specified value for 'threshold h"
[3][025][param] ok=True in=2688 out=26 1.44s | What is the specified value for 'tempera | pred='The temperature register of the TMP1'
[3][026][param] ok=True in=2548 out=23 1.29s | What is the specified value for 'tempera | pred='The specified temperature range for '
[3][027][param] ok=True in=2700 out=24 1.37s | What is the specified value for 'operate | pred='The specified operating temperature '
[3][028][param] ok=False in=2244 out=56 2.61s | What is the specified value for 'changed | pred='The excerpt does not provide a speci'
[3][029][param] ok=True in=3430 out=143 6.5s | What is the specified value for 'power s | pred='Based on the provided excerpts, ther'
[3][030][param] ok=False in=2573 out=25 1.4s | What is the specified value for 'tempera | pred='The specified value for temperature '
[3][031][param] ok=True in=3093 out=37 2.04s | What is the specified value for 'junctio | pred="The specified value for 'junction-to"
[3][032][param] ok=False in=2998 out=26 1.56s | What is the specified value for 'operati | pred='The operating temperature range for '
[3][033][param] ok=False in=2713 out=144 6.43s | What is the specified value for 'feedbac | pred='From the excerpt, the nominal feedba'
[3][034][param] ok=True in=2459 out=30 1.6s | What is the specified value for 'maximum | pred="The specified value for 'maximum rep"
[3][035][param] ok=False in=2474 out=51 2.61s | What is the specified value for 'tempera | pred='The datasheet does not specify a con'
[3][036][param] ok=False in=2999 out=62 3.06s | What is the specified value for 'high-si | pred='The datasheet does not specify a val'
[3][037][param] ok=True in=3086 out=33 1.87s | What is the specified value for 'voltage | pred='The specified value for the voltage '
[3][038][param] ok=False in=3264 out=131 5.98s | What is the specified value for 'maximum | pred="The specified value for 'maximum wor"
[3][039][param] ok=False in=3395 out=33 1.94s | What is the specified value for 'recomme | pred='The specified value for the recommen'
[3][040][param] ok=False in=2829 out=73 3.5s | What is the specified value for 'transmi | pred='The given information does not speci'
[3][041][param] ok=True in=2942 out=61 3.01s | What is the specified value for 'power-s | pred='Based on the provided excerpts, the '
[3][042][param] ok=False in=2409 out=51 2.47s | What is the specified value for 'supply  | pred='The supply voltage range for BME280 '
[3][043][param] ok=True in=3506 out=45 2.46s | What is the specified value for 'input o | pred="The specified value for 'input offse"
[3][044][param] ok=False in=2193 out=111 4.91s | What is the specified value for 'critica | pred='From the provided excerpts, the exac'
[3][045][param] ok=True in=2694 out=30 1.62s | What is the specified value for 'A-port  | pred="The specified value for 'A-port VCCA"
[3][046][param] ok=False in=2808 out=27 1.5s | What is the specified value for 'junctio | pred='The specified junction to ambient th'
[3][047][param] ok=False in=2499 out=28 1.51s | What is the specified value for 'switchi | pred="The specified value for 'switching f"
[3][048][param] ok=False in=3491 out=162 7.29s | What is the specified value for 'switchi | pred='From the provided excerpts, there is'
[3][049][param] ok=True in=2744 out=19 1.16s | What is the specified value for 'peak so | pred='The LM5111 can peak source 3 A and s'
[3][050][param] ok=False in=2869 out=63 3.06s | What is the specified value for 'operati | pred='The specified value for operating ju'
[3][051][param] ok=True in=2701 out=30 1.63s | What is the specified value for 'supply  | pred='The specified supply voltage range f'
[3][052][param] ok=False in=2665 out=34 1.79s | What is the specified value for 'automot | pred="The specified value for the 'automot"
[3][053][param] ok=False in=2788 out=65 3.08s | What is the specified value for 'quiesce | pred='The quiescent current per amplifier '
[3][054][param] ok=False in=2919 out=29 1.65s | What is the specified value for 'overtem | pred='The operating junction temperature r'
[3][055][param] ok=False in=2657 out=77 3.57s | What is the specified value for 'f corne | pred='The excerpt provided does not specif'
[3][056][param] ok=False in=3485 out=106 4.98s | What is the specified value for 'switchi | pred='From the given excerpts, the specifi'
[3][057][param] ok=False in=3190 out=68 3.34s | What is the specified value for 'source  | pred='The specified value for source curre'
[3][058][param] ok=True in=2999 out=23 1.42s | What is the specified value for 'output  | pred='The specified output current for the'
[3][059][param] ok=True in=2693 out=27 1.5s | What is the specified value for 'control | pred="The specified value for 'controller "
[3][060][param] ok=True in=2377 out=44 2.15s | What is the specified value for 'junctio | pred="The specified value for 'junction-to"
[3][061][param] ok=True in=2367 out=6 0.57s | What is the specified value for 'interna | pred='304 mW'
[3][062][param] ok=True in=2691 out=45 2.26s | What is the specified value for 'to keep | pred='The specified operating junction tem'
[3][063][param] ok=False in=2678 out=120 5.36s | What is the specified value for 'output  | pred='From the provided information, the s'
[3][064][param] ok=False in=2366 out=52 2.5s | What is the specified value for 'RRT (fr | pred='The excerpt does not provide a speci'
[3][065][param] ok=False in=2488 out=7 0.61s | What is the specified value for 'maximum | pred='5.5-kVRMS'
[3][066][param] ok=True in=2776 out=28 1.54s | What is the specified value for 'maximum | pred="The specified value for 'maximum con"
[3][067][param] ok=False in=2818 out=73 3.46s | What is the specified value for 'hz (low | pred='The excerpt provided does not contai'
[3][068][param] ok=True in=3355 out=42 2.3s | What is the specified value for 'operati | pred='The specified operating voltage rang'
[3][069][param] ok=False in=3098 out=31 1.78s | What is the specified value for 'supply  | pred='The specified supply voltage range f'
[3][070][param] ok=True in=2169 out=21 1.16s | What is the specified value for 'junctio | pred='The specified value for junction tem'
[3][071][param] ok=True in=2465 out=23 1.3s | What is the specified value for 'interna | pred='The specified value for the internal'
[3][072][param] ok=True in=2295 out=6 0.56s | What is the specified value for 'maximum | pred='150 °C'
[3][073][param] ok=False in=2639 out=56 2.7s | What is the specified value for 'enable  | pred='The specified value for the internal'
[3][074][param] ok=False in=2512 out=50 2.4s | What is the specified value for 'rising  | pred='The specified value for the rising t'
[3][075][param] ok=False in=3297 out=107 5.0s | What is the specified value for 'input b | pred="The specified value for 'input bias "
[3][076][param] ok=False in=2740 out=43 2.17s | What is the specified value for 'output  | pred="The specified value for 'output volt"
[3][077][param] ok=False in=3116 out=160 7.13s | What is the specified value for 'line fr | pred='From the provided excerpts, there is'
[3][078][param] ok=False in=2494 out=22 1.26s | What is the specified value for 'vbus ov | pred='The datasheet does not explicitly pr'
[3][079][param] ok=False in=2611 out=42 2.11s | What is the specified value for 'enable  | pred='The specified value for the internal'
[3][080][param] ok=False in=2402 out=33 1.71s | What is the specified value for 'the vol | pred='The given excerpts do not specify a '
[3][081][param] ok=True in=3703 out=30 1.9s | What is the specified value for 'inputs  | pred='The SN74LVC245A can accept input vol'
[3][082][param] ok=False in=2146 out=53 2.49s | What is the specified value for 'high-si | pred='The excerpt provided does not specif'
[3][083][cross] ok=False in=2445 out=80 3.66s | For the datasheet parameter 'junction-to | pred='The TPS6215x has a junction-to-ambie'
[3][084][cross] ok=False in=2917 out=89 4.15s | For the datasheet parameter 'supply volt | pred='For the supply voltage parameter:\n- '
[3][085][cross] ok=False in=2926 out=67 3.36s | For the datasheet parameter 'supply volt | pred='For the supply voltage:\n- TMP1075: 5'
[3][086][cross] ok=False in=2605 out=48 2.37s | For the datasheet parameter 'supply volt | pred='For the supply voltage:\n- BME280: VD'
[3][087][cross] ok=True in=3035 out=54 2.71s | For the datasheet parameter 'maximum jun | pred='The maximum junction temperature for'
[3][088][cross] ok=False in=3709 out=89 4.33s | For the datasheet parameter 'input bias  | pred='For the OPA4322, the input bias curr'
[3][089][cross] ok=False in=3606 out=45 2.48s | For the datasheet parameter 'power suppl | pred='For the power supply recommendations'
[3][090][cross] ok=False in=2590 out=89 4.06s | For the datasheet parameter 'maximum rep | pred="For the parameter 'maximum repetitiv"
[3][091][cross] ok=False in=3363 out=253 11.04s | For the datasheet parameter 'switching n | pred='The given excerpts do not contain a '
[3][092][cross] ok=True in=3142 out=92 4.33s | For the datasheet parameter 'enable and  | pred='For the TPS54541, the internal under'
[3][093][cross] ok=False in=3136 out=89 4.17s | For 'input voltage', which is larger: TM | pred='For the input voltage (SCL, SDA, A1,'
[3][094][cross] ok=False in=2866 out=86 4.01s | For 'input voltage', which is larger: TM | pred='For the input voltage SCL, SDA, A1, '
[3][095][cross] ok=False in=2593 out=82 3.76s | For the datasheet parameter 'safety outp | pred="For the 'safety output supply curren"
[3][096][cross] ok=False in=3919 out=67 3.45s | For 'operating temperature', which is la | pred='For operating temperature:\n- TLC5947'
[3][097][cross] ok=False in=2755 out=201 8.62s | Compare the datasheet-specified values ' | pred='From the UCC28060 datasheet, the out'
[3][098][cross] ok=False in=3167 out=100 4.61s | For 'operating temperature', which is la | pred='The operating junction temperature r'
[3][099][cross] ok=False in=3280 out=96 4.46s | For 'operating temperature', which is la | pred='The operating temperature range for '
[3][100][cross] ok=False in=3297 out=96 4.47s | For 'input voltage', which is larger: TM | pred='For the input voltage SCL, SDA, A1, '
[3][101][cross] ok=False in=3054 out=45 2.32s | For 'input voltage', which is larger: IN | pred='For the maximum input voltage:\n- INA'
[3][102][cross] ok=False in=3207 out=212 9.21s | For 'input voltage', which is larger: BM | pred='From the provided excerpts, the supp'
[3][103][cross] ok=False in=3458 out=101 4.71s | For 'input voltage', which is larger: OP | pred='For the input voltage (V<sub>IN</sub'
[3][104][cross] ok=True in=3835 out=56 2.97s | For 'input voltage', which is larger: LM | pred='For the input voltage range:\n\n- LM51'
[3][105][cross] ok=False in=3206 out=256 11.02s | For 'input voltage', which is larger: SN | pred='Based on the provided excerpts, ther'
[3][106][cross] ok=False in=3665 out=54 2.84s | For 'input voltage', which is larger: TM | pred='For input voltage range:\n\n- **MP22 T'
[3][107][cross] ok=False in=3231 out=52 2.66s | For 'input voltage', which is larger: OP | pred='For input voltage, the OPA2365 has a'
[3][108][cross] ok=False in=3291 out=67 3.28s | For 'input voltage', which is larger: LM | pred='For input voltage:\n- LM5180: 9.5 V t'
[3][109][cross] ok=False in=2928 out=69 3.25s | For 'input voltage', which is larger: DR | pred="For 'input voltage' (SCL, SDA, A1, A"
[3][110][cross] ok=True in=3843 out=215 9.49s | For 'input voltage', which is larger: OP | pred='From the given excerpts, we can infe'
[3][111][cross] ok=False in=2837 out=140 6.18s | For 'input voltage', which is larger: BM | pred='For the input voltage (V_IN):\n- BME2'
[3][112][cross] ok=False in=3947 out=61 3.35s | For 'operating temperature', which is la | pred='For operating temperature:\n- TLC5947'
[3][113][cross] ok=False in=3124 out=58 2.85s | For 'operating temperature', which is la | pred='For the operating temperature range:'
[3][114][cross] ok=False in=3598 out=63 3.19s | For 'operating temperature', which is la | pred='For LM5180, the operating temperatur'
[3][115][cross] ok=True in=3224 out=42 2.22s | For 'operating temperature', which is la | pred='For operating temperature range:\n- B'
[3][116][cross] ok=False in=2882 out=61 2.93s | For 'operating temperature', which is la | pred='The operating temperature range for '
[3][117][cross] ok=False in=3936 out=54 2.88s | For 'operating temperature', which is la | pred='For operating temperature:\n- STM32L1'
[3][118][cross] ok=False in=3045 out=111 5.01s | Compare the datasheet-specified values ' | pred='The TPS7A37 datasheet specifies an o'
[3][119][cross] ok=False in=3133 out=79 3.74s | Compare the datasheet-specified values ' | pred='- TPS62203 maximum output current: 3'
seed3 (results_dcu7b_kt_s3.json): 41/120 = 34.2% | cross 5/37 | param 36/83
  本轮 380s | 峰值显存 20.1GB

== dcu7b_kt k-trial: mean 35.8% ± 2.2pp, 95%CI [30.4%, 41.3%] (n=3, t=4.303) ==
   逐 seed: ['35.0%', '38.3%', '34.2%']
=== 7B kt end rc=0 Wed Oct  7 03:34:53 CST 2026 ===
=== 3B kt start Wed Oct  7 03:34:53 CST 2026 ===
上下文来自 eval/qa100/ctx_v3_k5.json（跳过检索层，题数 120）| 提示词=loose
Loading checkpoint shards:   0%|          | 0/2 [00:00<?, ?it/s]Loading checkpoint shards:  50%|█████     | 1/2 [00:00<00:00,  1.56it/s]Loading checkpoint shards: 100%|██████████| 2/2 [00:01<00:00,  2.04it/s]Loading checkpoint shards: 100%|██████████| 2/2 [00:01<00:00,  1.95it/s]
模型加载 31.8s | 显存 6.3GB | attn=eager dtype=bfloat16 | eos='<|im_end|>'
[1][000][param] ok=True in=3123 out=31 7.91s | What is the specified value for 'junctio | pred='The specified junction temperature r'
[1][001][param] ok=False in=2827 out=9 0.73s | What is the specified value for 'resista | pred='RF = 1.5 kΩ'
[1][002][param] ok=True in=2814 out=29 1.73s | What is the specified value for 'maximum | pred="The specified value for 'maximum jun"
[1][003][param] ok=True in=2920 out=30 1.8s | What is the specified value for 'the cur | pred="The specified value for 'the current"
[1][004][param] ok=False in=2618 out=27 1.61s | What is the specified value for 'the pow | pred="The specified value for 'the power c"
[1][005][param] ok=False in=3072 out=5 0.53s | What is the specified value for 'continu | pred='7.5V'
[1][006][param] ok=True in=2845 out=9 0.73s | What is the specified value for 'stop (f | pred='6 µA @25 °C'
[1][007][param] ok=False in=2643 out=58 3.21s | What is the specified value for 'rated f | pred='The datasheet does not explicitly st'
[1][008][param] ok=False in=2999 out=25 1.57s | What is the specified value for 'inducto | pred='Inductor current ripples can be calc'
[1][009][param] ok=False in=2997 out=11 0.85s | What is the specified value for 'junctio | pred='12.4 mm²·°C/W'
[1][010][param] ok=False in=2699 out=3 0.4s | What is the specified value for 'VM oper | pred='2 mA'
[1][011][param] ok=True in=2764 out=25 1.52s | What is the specified value for 'supply  | pred='For TMP1075, the specified supply vo'
[1][012][param] ok=False in=2276 out=39 2.15s | What is the specified value for 'maximum | pred='The datasheet does not specify the m'
[1][013][param] ok=True in=3028 out=9 0.74s | What is the specified value for 'p/n pow | pred='3V to 5.5V'
[1][014][param] ok=True in=3045 out=31 1.89s | What is the specified value for 'under-v | pred="The specified value for 'under-volta"
[1][015][param] ok=False in=3254 out=19 1.3s | What is the specified value for 'input b | pred='The datasheet does not specify the i'
[1][016][param] ok=False in=2755 out=8 0.66s | What is the specified value for 'vil, lo | pred='0.3 * VDDIO'
[1][017][param] ok=True in=2755 out=6 0.56s | What is the specified value for 'power s | pred='3.3-V Power'
[1][018][param] ok=False in=3590 out=56 3.26s | What is the specified value for 'operati | pred='The datasheet does not explicitly st'
[1][019][param] ok=True in=2916 out=18 1.19s | What is the specified value for 'maximum | pred='The maximum voltage specified must n'
[1][020][param] ok=True in=2714 out=38 2.2s | What is the specified value for 'enable  | pred='VEN(high) is specified as being grea'
[1][021][param] ok=True in=3381 out=5 0.61s | What is the specified value for 'total p | pred='11 mW'
[1][022][param] ok=True in=2809 out=5 0.51s | What is the specified value for 'maximum | pred='150°C'
[1][023][param] ok=False in=2521 out=59 3.23s | What is the specified value for 'rated m | pred='The datasheet does not explicitly me'
[1][024][param] ok=True in=3671 out=5 0.67s | What is the specified value for 'thresho | pred='15 mV'
[1][025][param] ok=True in=2688 out=14 0.95s | What is the specified value for 'tempera | pred='Temperature register reads 0°C until'
[1][026][param] ok=False in=2548 out=21 1.3s | What is the specified value for 'tempera | pred='The specified temperature range for '
[1][027][param] ok=False in=2700 out=18 1.17s | What is the specified value for 'operate | pred='T OP | Operating temperature range |'
[1][028][param] ok=False in=2244 out=53 2.96s | What is the specified value for 'changed | pred='The datasheet does not provide infor'
[1][029][param] ok=False in=3430 out=40 2.46s | What is the specified value for 'power s | pred='The datasheet does not explicitly pr'
[1][030][param] ok=False in=2573 out=8 0.64s | What is the specified value for 'tempera | pred='0.5°C (typ)'
[1][031][param] ok=True in=3093 out=8 0.72s | What is the specified value for 'junctio | pred='25.6 °C/W'
[1][032][param] ok=True in=2998 out=56 3.22s | What is the specified value for 'operati | pred='Operating temperature range: -55°C t'
[1][033][param] ok=False in=2713 out=16 1.08s | What is the specified value for 'feedbac | pred='VFB(nom) is specified as > 500 mV'
[1][034][param] ok=True in=2459 out=27 1.61s | What is the specified value for 'maximum | pred='The maximum repetitive peak isolatio'
[1][035][param] ok=False in=2474 out=40 2.3s | What is the specified value for 'tempera | pred="The datasheet does not specify a 'te"
[1][036][param] ok=False in=2999 out=39 2.33s | What is the specified value for 'high-si | pred='The datasheet does not specify the O'
[1][037][param] ok=True in=3086 out=5 0.56s | What is the specified value for 'voltage | pred='2.5 V'
[1][038][param] ok=False in=3264 out=55 3.23s | What is the specified value for 'maximum | pred='The datasheet does not explicitly de'
[1][039][param] ok=True in=3395 out=32 2.06s | What is the specified value for 'recomme | pred='The specified value for the recommen'
[1][040][param] ok=False in=2829 out=5 0.53s | What is the specified value for 'transmi | pred='60 dBm'
[1][041][param] ok=False in=2942 out=26 1.67s | What is the specified value for 'power-s | pred='The power supply range for OPA192 is'
[1][042][param] ok=False in=2409 out=30 1.79s | What is the specified value for 'supply  | pred='BME280 supply voltage: VDD main supp'
[1][043][param] ok=False in=3506 out=33 2.13s | What is the specified value for 'input o | pred="The specified value for 'input offse"
[1][044][param] ok=False in=2193 out=52 2.94s | What is the specified value for 'critica | pred="The document doesn't specify exact c"
[1][045][param] ok=True in=2694 out=11 0.84s | What is the specified value for 'A-port  | pred='1.2V to 3.6V'
[1][046][param] ok=False in=2808 out=117 6.49s | What is the specified value for 'junctio | pred='The junction temperature of OPA140 ('
[1][047][param] ok=True in=2499 out=23 1.43s | What is the specified value for 'switchi | pred='The specified value for the switchin'
[1][048][param] ok=False in=3491 out=5 0.63s | What is the specified value for 'switchi | pred='3.3 V'
[1][049][param] ok=False in=2744 out=3 0.39s | What is the specified value for 'peak so | pred='5 A'
[1][050][param] ok=False in=2869 out=28 1.76s | What is the specified value for 'operati | pred='The specified operating junction tem'
[1][051][param] ok=True in=2701 out=11 0.83s | What is the specified value for 'supply  | pred='2.2 V to 5.5 V'
[1][052][param] ok=False in=2665 out=28 1.72s | What is the specified value for 'automot | pred='The specified value for the automoti'
[1][053][param] ok=False in=2788 out=26 1.62s | What is the specified value for 'quiesce | pred='The quiescent current (per amplifier'
[1][054][param] ok=False in=2919 out=27 1.71s | What is the specified value for 'overtem | pred='The specified value for overtemperat'
[1][055][param] ok=False in=2657 out=5 0.63s | What is the specified value for 'f corne | pred='2.5 MHz'
[1][056][param] ok=False in=3485 out=5 0.63s | What is the specified value for 'switchi | pred='3.3 V'
[1][057][param] ok=False in=3190 out=30 1.91s | What is the specified value for 'source  | pred='DRV8320 can drive up to 1A source, 2'
[1][058][param] ok=True in=2999 out=21 1.41s | What is the specified value for 'output  | pred='The maximum output current specified'
[1][059][param] ok=True in=2693 out=13 0.93s | What is the specified value for 'control | pred='V CC | Controller supply voltage | 3'
[1][060][param] ok=True in=2377 out=36 2.11s | What is the specified value for 'junctio | pred="The specified value for 'junction-to"
[1][061][param] ok=True in=2367 out=21 1.31s | What is the specified value for 'interna | pred='The specified internal power dissipa'
[1][062][param] ok=True in=2691 out=33 2.0s | What is the specified value for 'to keep | pred="The specified value for 'to keep the"
[1][063][param] ok=False in=2678 out=4 0.45s | What is the specified value for 'output  | pred='14A'
[1][064][param] ok=False in=2366 out=49 2.8s | What is the specified value for 'RRT (fr | pred='The document mentions that the RT re'
[1][065][param] ok=False in=2488 out=27 1.62s | What is the specified value for 'maximum | pred='The maximum repetitive peak isolatio'
[1][066][param] ok=True in=2776 out=13 0.93s | What is the specified value for 'maximum | pred='Maximum continuous current (IMAX): 1'
[1][067][param] ok=False in=2818 out=2 0.37s | What is the specified value for 'hz (low | pred='0'
[1][068][param] ok=True in=3355 out=42 2.58s | What is the specified value for 'operati | pred='The specified operating voltage rang'
[1][069][param] ok=True in=3098 out=25 1.61s | What is the specified value for 'supply  | pred='The specified supply voltage (VS) fo'
[1][070][param] ok=True in=2169 out=26 1.53s | What is the specified value for 'junctio | pred='The specified value for junction tem'
[1][071][param] ok=True in=2465 out=5 0.47s | What is the specified value for 'interna | pred='1.2 V'
[1][072][param] ok=True in=2295 out=26 1.54s | What is the specified value for 'maximum | pred="The specified value for 'maximum jun"
[1][073][param] ok=False in=2639 out=16 1.08s | What is the specified value for 'enable  | pred='The internal undervoltage lockout th'
[1][074][param] ok=False in=2512 out=33 1.94s | What is the specified value for 'rising  | pred='VPG-LOW-UP (rising threshold) of LMR'
[1][075][param] ok=False in=3297 out=5 0.6s | What is the specified value for 'input b | pred='50 μA'
[1][076][param] ok=False in=2740 out=13 0.93s | What is the specified value for 'output  | pred='2.5V (10nF capacitance)'
[1][077][param] ok=False in=3116 out=22 1.46s | What is the specified value for 'line fr | pred='80 kHz (implied from 120 kHz normali'
[1][078][param] ok=False in=2494 out=26 1.59s | What is the specified value for 'vbus ov | pred='VOTG_OVP (V bus over-voltage protect'
[1][079][param] ok=False in=2611 out=32 1.93s | What is the specified value for 'enable  | pred='For the enable and adjusting undervo'
[1][080][param] ok=False in=2402 out=65 3.67s | What is the specified value for 'the vol | pred='The datasheet excerpt does not speci'
[1][081][param] ok=False in=3703 out=23 1.64s | What is the specified value for 'inputs  | pred='SN74LVC245A inputs accept voltages u'
[1][082][param] ok=False in=2146 out=21 1.28s | What is the specified value for 'high-si | pred="There is no specific value for 'high"
[1][083][cross] ok=True in=2445 out=104 5.77s | For the datasheet parameter 'junction-to | pred='For TPS62150, the value is 45 °C/W ('
[1][084][cross] ok=False in=2917 out=36 2.2s | For the datasheet parameter 'supply volt | pred='TMP1075: 1.7 V to 5.5 V\nBME280: 1.7 '
[1][085][cross] ok=True in=2926 out=37 2.25s | For the datasheet parameter 'supply volt | pred='TMP1075: 1.7 V to 5.5 V\nOPA2365: 2.2'
[1][086][cross] ok=False in=2605 out=35 2.09s | For the datasheet parameter 'supply volt | pred='OPA2365: 2.2-V to 5.5-V\nBME280: VDD '
[1][087][cross] ok=False in=3035 out=29 1.84s | For the datasheet parameter 'maximum jun | pred='SN74LVC1G4: 150 °C\nLM2674: 150 °C'
[1][088][cross] ok=False in=3709 out=42 2.66s | For the datasheet parameter 'input bias  | pred='OPA4322: ±70 pA (OPA330YFF, OPA4330)'
[1][089][cross] ok=False in=3606 out=34 2.21s | For the datasheet parameter 'power suppl | pred='For SN65HVD230: 3.3-V\nFor LM5180: 9.'
[1][090][cross] ok=False in=2590 out=43 2.54s | For the datasheet parameter 'maximum rep | pred='For AMC1400: V IORM = 1000 V RMS\nFor'
[1][091][cross] ok=False in=3363 out=33 2.12s | For the datasheet parameter 'switching n | pred='DRV8323R: VLINEAR = 2.1 V\nDRV8320: V'
[1][092][cross] ok=False in=3142 out=32 2.02s | For the datasheet parameter 'enable and  | pred='For TPS54541: 4.48 V\nFor TPS54360: 6'
[1][093][cross] ok=False in=3136 out=22 1.46s | For 'input voltage', which is larger: TM | pred='TMP1075: 6.5 V\nINA219: 26 V'
[1][094][cross] ok=False in=2866 out=45 2.67s | For 'input voltage', which is larger: TM | pred='For TMP1075: V+ = 6.5V\nFor MPU9250: '
[1][095][cross] ok=False in=2593 out=50 2.9s | For the datasheet parameter 'safety outp | pred='For UCC21520: DRIVER A - 58 mA, DRIV'
[1][096][cross] ok=False in=3919 out=35 2.33s | For 'operating temperature', which is la | pred='For TLC5947: -40 to 85 °C\nFor lt1024'
[1][097][cross] ok=False in=2755 out=40 2.39s | Compare the datasheet-specified values ' | pred='GDA/GDB Output Voltage UV: Not speci'
[1][098][cross] ok=False in=3167 out=34 2.13s | For 'operating temperature', which is la | pred='AMC1311: -40°C to +125°C\nTL431: -65°'
[1][099][cross] ok=False in=3280 out=35 2.18s | For 'operating temperature', which is la | pred='For AMC1311: -40°C to +125°C\nFor TL4'
[1][100][cross] ok=False in=3297 out=27 1.78s | For 'input voltage', which is larger: TM | pred='TMP1075: 6.5 V\nSN65HVD230: 1.5 V'
[1][101][cross] ok=False in=3054 out=23 1.52s | For 'input voltage', which is larger: IN | pred='INA219: 26 V\nOPA2365: Not specified '
[1][102][cross] ok=False in=3207 out=37 2.3s | For 'input voltage', which is larger: BM | pred='BME280: 1.8 V to 5. 5 V\nTMP20: 1. 8 '
[1][103][cross] ok=False in=3458 out=29 1.91s | For 'input voltage', which is larger: OP | pred='OPA2376: 0 5.5 V\nDRV8876: 0 5.5 V'
[1][104][cross] ok=False in=3835 out=24 1.71s | For 'input voltage', which is larger: LM | pred='LM5180: 9.5 V\nOPA192: 4.5 V'
[1][105][cross] ok=False in=3206 out=49 2.93s | For 'input voltage', which is larger: SN | pred='For SN65HVD230, VCC = 3. 6 V\nFor BME'
[1][106][cross] ok=False in=3665 out=20 1.47s | For 'input voltage', which is larger: TM | pred='TMP20: 5.5 V\nINA219: 26 V'
[1][107][cross] ok=False in=3231 out=34 2.14s | For 'input voltage', which is larger: OP | pred='OPA192: 4.5 (±2.25)V  \nOPA2365: 2.2V'
[1][108][cross] ok=False in=3291 out=23 1.56s | For 'input voltage', which is larger: LM | pred='LM5180: 65 V\nTMP1075: 6.5 V'
[1][109][cross] ok=False in=2928 out=24 1.54s | For 'input voltage', which is larger: DR | pred='DRV8876: 5.5 V\nTMP1075: 6.5 V'
[1][110][cross] ok=False in=3843 out=36 2.38s | For 'input voltage', which is larger: OP | pred='OPA2376: 2.2 (±1.1)V\nOPA192: 4.5 (±2'
[1][111][cross] ok=False in=2837 out=53 3.09s | For 'input voltage', which is larger: BM | pred='BME280: MIN - 37V, NOM - 3.3V, MAX -'
[1][112][cross] ok=False in=3947 out=35 2.34s | For 'operating temperature', which is la | pred='For TLC5947: -40 to 85 °C\nFor LM5180'
[1][113][cross] ok=False in=3124 out=33 2.05s | For 'operating temperature', which is la | pred='For TXS0104E: Not explicitly stated '
[1][114][cross] ok=True in=3598 out=34 2.2s | For 'operating temperature', which is la | pred='LM5180: -40°C to 150°C\nlt1024: -55°C'
[1][115][cross] ok=True in=3224 out=40 2.44s | For 'operating temperature', which is la | pred='BMP280: -40°C to 85°C/105°C\nstm32l15'
[1][116][cross] ok=False in=2882 out=26 1.66s | For 'operating temperature', which is la | pred='LIS3DH: -40 to +85 °C\nTXS0104E: Not '
[1][117][cross] ok=False in=3936 out=32 2.14s | For 'operating temperature', which is la | pred='stm32l151cb: -40 to 85\ntlc5947: -40 '
[1][118][cross] ok=False in=3045 out=36 2.22s | Compare the datasheet-specified values ' | pred='TPS7A37: 3.3 V\nADS131M02: 2.7 V - 3.'
[1][119][cross] ok=False in=3133 out=26 1.69s | Compare the datasheet-specified values ' | pred='For TPS62203: 200 mA\nFor DRV8412: 6A'
seed1 (results_dcu3b_kt_s1.json): 37/120 = 30.8% | cross 4/37 | param 33/83
  本轮 222s | 峰值显存 9.1GB
[2][000][param] ok=True in=3123 out=31 1.97s | What is the specified value for 'junctio | pred='The specified junction temperature r'
[2][001][param] ok=False in=2827 out=9 0.74s | What is the specified value for 'resista | pred='RF = 1.5 kΩ'
[2][002][param] ok=True in=2814 out=22 1.43s | What is the specified value for 'maximum | pred='maximum junction temperature, TJ of '
[2][003][param] ok=True in=2920 out=14 1.01s | What is the specified value for 'the cur | pred='The current produces a voltage drop '
[2][004][param] ok=False in=2618 out=14 0.98s | What is the specified value for 'the pow | pred='The specified value for the power co'
[2][005][param] ok=False in=3072 out=5 0.54s | What is the specified value for 'continu | pred='7.5V'
[2][006][param] ok=False in=2845 out=5 0.53s | What is the specified value for 'stop (f | pred='14 μA'
[2][007][param] ok=False in=2643 out=46 2.7s | What is the specified value for 'rated f | pred='The datasheet does not specify a "ra'
[2][008][param] ok=False in=2999 out=25 1.62s | What is the specified value for 'inducto | pred='Inductor current ripples can be calc'
[2][009][param] ok=False in=2997 out=11 0.88s | What is the specified value for 'junctio | pred='12.4 mm²·°C/W'
[2][010][param] ok=False in=2699 out=53 3.07s | What is the specified value for 'VM oper | pred='The datasheet does not specify a dir'
[2][011][param] ok=False in=2764 out=30 1.83s | What is the specified value for 'supply  | pred="The specified value for 'supply volt"
[2][012][param] ok=False in=2276 out=23 1.39s | What is the specified value for 'maximum | pred='The datasheet does not specify the m'
[2][013][param] ok=True in=3028 out=9 0.76s | What is the specified value for 'p/n pow | pred='3V to 5.5V'
[2][014][param] ok=True in=3045 out=34 2.11s | What is the specified value for 'under-v | pred="The specified value for 'under-volta"
[2][015][param] ok=False in=3254 out=21 1.44s | What is the specified value for 'input b | pred='The datasheet does not specify the i'
[2][016][param] ok=False in=2755 out=8 0.68s | What is the specified value for 'vil, lo | pred='0.3 * VDDIO'
[2][017][param] ok=True in=2755 out=6 0.57s | What is the specified value for 'power s | pred='3.3-V Power'
[2][018][param] ok=False in=3590 out=61 3.65s | What is the specified value for 'operati | pred='The datasheet does not explicitly st'
[2][019][param] ok=True in=2916 out=17 1.17s | What is the specified value for 'maximum | pred='The maximum voltage must not exceed '
[2][020][param] ok=False in=2714 out=34 2.06s | What is the specified value for 'enable  | pred='VEN(min) is specified as VEN ≤VIN. H'
[2][021][param] ok=True in=3381 out=5 0.62s | What is the specified value for 'total p | pred='11 mW'
[2][022][param] ok=True in=2809 out=29 1.81s | What is the specified value for 'maximum | pred="The specified value for 'maximum jun"
[2][023][param] ok=False in=2521 out=46 2.66s | What is the specified value for 'rated m | pred='The datasheet does not explicitly st'
[2][024][param] ok=True in=3671 out=5 0.68s | What is the specified value for 'thresho | pred='15 mV'
[2][025][param] ok=True in=2688 out=14 0.97s | What is the specified value for 'tempera | pred='Temperature register reads 0°C until'
[2][026][param] ok=False in=2548 out=25 1.54s | What is the specified value for 'tempera | pred="The specified value for 'temperature"
[2][027][param] ok=False in=2700 out=13 0.92s | What is the specified value for 'operate | pred='T_OP: -40 to +85 °C'
[2][028][param] ok=False in=2244 out=49 2.89s | What is the specified value for 'changed | pred='The excerpt does not provide informa'
[2][029][param] ok=False in=3430 out=30 1.95s | What is the specified value for 'power s | pred='The datasheet does not explicitly pr'
[2][030][param] ok=False in=2573 out=20 1.29s | What is the specified value for 'tempera | pred='The ADS1220 offers 0.5°C accuracy fo'
[2][031][param] ok=True in=3093 out=8 0.73s | What is the specified value for 'junctio | pred='25.6 °C/W'
[2][032][param] ok=True in=2998 out=31 1.94s | What is the specified value for 'operati | pred='The operating temperature range for '
[2][033][param] ok=False in=2713 out=15 1.04s | What is the specified value for 'feedbac | pred='VFB(nom) - 1mA to 33V'
[2][034][param] ok=True in=2459 out=30 1.79s | What is the specified value for 'maximum | pred='The maximum repetitive peak isolatio'
[2][035][param] ok=False in=2474 out=57 3.23s | What is the specified value for 'tempera | pred='The LIS2DW12 does not specify a part'
[2][036][param] ok=False in=2999 out=7 0.66s | What is the specified value for 'high-si | pred='Not provided in the excerpt.'
[2][037][param] ok=True in=3086 out=5 0.57s | What is the specified value for 'voltage | pred='2.5 V'
[2][038][param] ok=False in=3264 out=12 0.94s | What is the specified value for 'maximum | pred='2.25 V to 5.5 V'
[2][039][param] ok=True in=3395 out=29 1.9s | What is the specified value for 'recomme | pred='The specified value for the recommen'
[2][040][param] ok=False in=2829 out=5 0.53s | What is the specified value for 'transmi | pred='60 dBm'
[2][041][param] ok=False in=2942 out=68 3.9s | What is the specified value for 'power-s | pred='The document does not provide specif'
[2][042][param] ok=False in=2409 out=22 1.36s | What is the specified value for 'supply  | pred='VDD main supply voltage range: 1. 71'
[2][043][param] ok=True in=3506 out=32 2.07s | What is the specified value for 'input o | pred='The input offset voltage of OPA454 i'
[2][044][param] ok=False in=2193 out=89 4.91s | What is the specified value for 'critica | pred='The document mentions that the defau'
[2][045][param] ok=True in=2694 out=11 0.83s | What is the specified value for 'A-port  | pred='1.2V to 3.6V'
[2][046][param] ok=False in=2808 out=33 2.0s | What is the specified value for 'junctio | pred='The specified value for junction tem'
[2][047][param] ok=True in=2499 out=23 1.43s | What is the specified value for 'switchi | pred='The specified value for the switchin'
[2][048][param] ok=False in=3491 out=96 5.47s | What is the specified value for 'switchi | pred='The switching node pin voltage less '
[2][049][param] ok=False in=2744 out=3 0.39s | What is the specified value for 'peak so | pred='5 A'
[2][050][param] ok=False in=2869 out=43 2.56s | What is the specified value for 'operati | pred="The specified value for 'operating j"
[2][051][param] ok=True in=2701 out=32 1.95s | What is the specified value for 'supply  | pred="The specified value for 'supply volt"
[2][052][param] ok=False in=2665 out=31 1.88s | What is the specified value for 'automot | pred="The specified value for the 'automot"
[2][053][param] ok=False in=2788 out=27 1.68s | What is the specified value for 'quiesce | pred='The datasheet does not explicitly st'
[2][054][param] ok=False in=2919 out=34 2.1s | What is the specified value for 'overtem | pred='The specified value for "internal ov'
[2][055][param] ok=False in=2657 out=5 0.5s | What is the specified value for 'f corne | pred='100kHz'
[2][056][param] ok=False in=3485 out=5 0.64s | What is the specified value for 'switchi | pred='3.3 V'
[2][057][param] ok=False in=3190 out=3 0.48s | What is the specified value for 'source  | pred='1A'
[2][058][param] ok=True in=2999 out=5 0.55s | What is the specified value for 'output  | pred='300 mA'
[2][059][param] ok=True in=2693 out=13 0.93s | What is the specified value for 'control | pred='V CC | Controller supply voltage | 3'
[2][060][param] ok=True in=2377 out=34 2.0s | What is the specified value for 'junctio | pred="The specified value for 'junction-to"
[2][061][param] ok=True in=2367 out=21 1.32s | What is the specified value for 'interna | pred='The specified internal power dissipa'
[2][062][param] ok=True in=2691 out=19 1.24s | What is the specified value for 'to keep | pred='The specified value for keeping the '
[2][063][param] ok=False in=2678 out=54 3.06s | What is the specified value for 'output  | pred='The document does not specify a dire'
[2][064][param] ok=False in=2366 out=19 1.18s | What is the specified value for 'RRT (fr | pred='The RRT (frequency-setting resistor)'
[2][065][param] ok=False in=2488 out=7 0.55s | What is the specified value for 'maximum | pred='5.0-kV RMS'
[2][066][param] ok=True in=2776 out=13 0.91s | What is the specified value for 'maximum | pred='Maximum continuous current (IMAX): 1'
[2][067][param] ok=False in=2818 out=2 0.37s | What is the specified value for 'hz (low | pred='0'
[2][068][param] ok=True in=3355 out=32 2.02s | What is the specified value for 'operati | pred='The operating voltage for OPA2376 is'
[2][069][param] ok=True in=3098 out=11 0.88s | What is the specified value for 'supply  | pred='2.7 V to 5.5 V'
[2][070][param] ok=True in=2169 out=26 1.52s | What is the specified value for 'junctio | pred='The specified value for junction tem'
[2][071][param] ok=True in=2465 out=20 1.24s | What is the specified value for 'interna | pred='The internal reference voltage of AD'
[2][072][param] ok=True in=2295 out=25 1.48s | What is the specified value for 'maximum | pred='The specified value for the maximum '
[2][073][param] ok=False in=2639 out=26 1.58s | What is the specified value for 'enable  | pred='The internal undervoltage lockout th'
[2][074][param] ok=False in=2512 out=23 1.38s | What is the specified value for 'rising  | pred='VPG-LOW-UP: 92% 94% 97% of FB voltag'
[2][075][param] ok=False in=3297 out=4 0.54s | What is the specified value for 'input b | pred='50 mA'
[2][076][param] ok=False in=2740 out=23 1.43s | What is the specified value for 'output  | pred='2.5V (V OUT C FB = 2.5V = 10nF)'
[2][077][param] ok=False in=3116 out=5 0.55s | What is the specified value for 'line fr | pred='80 KHz'
[2][078][param] ok=False in=2494 out=61 3.38s | What is the specified value for 'vbus ov | pred='The VBUS over-voltage threshold of S'
[2][079][param] ok=False in=2611 out=31 1.84s | What is the specified value for 'enable  | pred='The specified value for enable and a'
[2][080][param] ok=False in=2402 out=31 1.81s | What is the specified value for 'the vol | pred='The excerpt does not provide a speci'
[2][081][param] ok=True in=3703 out=21 1.52s | What is the specified value for 'inputs  | pred='SN74LVC245A inputs accept voltages u'
[2][082][param] ok=False in=2146 out=8 0.57s | What is the specified value for 'high-si | pred='Not specified in the provided excerp'
[2][083][cross] ok=True in=2445 out=32 1.87s | For the datasheet parameter 'junction-to | pred='TPS62150: 45 °C/W\nLMR14020: 43.2 °C/'
[2][084][cross] ok=False in=2917 out=36 2.15s | For the datasheet parameter 'supply volt | pred='TMP1075: 1.7 V to 5.5 V\nBME280: 1.7 '
[2][085][cross] ok=True in=2926 out=37 2.21s | For the datasheet parameter 'supply volt | pred='TMP1075: 1.7 V to 5.5 V\nOPA2365: 2.2'
[2][086][cross] ok=False in=2605 out=58 3.25s | For the datasheet parameter 'supply volt | pred='For the supply voltage, the BME280 s'
[2][087][cross] ok=True in=3035 out=30 1.85s | For the datasheet parameter 'maximum jun | pred='SN74LVC1G14: 150 °C\nLM2674: 150 °C'
[2][088][cross] ok=False in=3709 out=25 1.72s | For the datasheet parameter 'input bias  | pred='OPA4322: ±70 pA\nOPA330: ±70 pA'
[2][089][cross] ok=False in=3606 out=34 2.16s | For the datasheet parameter 'power suppl | pred='For SN65HVD230: 3.3-V\nFor LM5180: 9.'
[2][090][cross] ok=False in=2590 out=43 2.46s | For the datasheet parameter 'maximum rep | pred='For AMC1400: V IORM = 1000 V (maximu'
[2][091][cross] ok=False in=3363 out=39 2.38s | For the datasheet parameter 'switching n | pred='DRV8323R: VLINEAR = 0.5 * VVREF\nDRV8'
[2][092][cross] ok=False in=3142 out=59 3.38s | For the datasheet parameter 'enable and  | pred='For TPS54541, the enable undervoltag'
[2][093][cross] ok=False in=3136 out=22 1.43s | For 'input voltage', which is larger: TM | pred='TMP1075: 6.5V\nINA219: 26V'
[2][094][cross] ok=False in=2866 out=25 1.57s | For 'input voltage', which is larger: TM | pred='TMP1075: 6.5 V\nMPU9250: 3.3 V'
[2][095][cross] ok=False in=2593 out=50 2.84s | For the datasheet parameter 'safety outp | pred='For UCC21520: DRIVER A - 58 mA, DRIV'
[2][096][cross] ok=False in=3919 out=34 2.25s | For 'operating temperature', which is la | pred='TLC5947: -40 to 85 °C\nlt1024: -55°C '
[2][097][cross] ok=False in=2755 out=24 1.5s | Compare the datasheet-specified values ' | pred='GDA/GDB output voltage UV: Not speci'
[2][098][cross] ok=False in=3167 out=34 2.08s | For 'operating temperature', which is la | pred='AMC1311: -40°C to +125°C\nTL431: -65°'
[2][099][cross] ok=True in=3280 out=57 3.29s | For 'operating temperature', which is la | pred='For AMC1311, the operating temperatu'
[2][100][cross] ok=False in=3297 out=27 1.74s | For 'input voltage', which is larger: TM | pred='TMP1075: 6.5 V\nSN65HVD230: 3.6 V'
[2][101][cross] ok=False in=3054 out=28 1.75s | For 'input voltage', which is larger: IN | pred='INA219: 0V to 26V  \nOPA2365: Not spe'
[2][102][cross] ok=False in=3207 out=34 2.1s | For 'input voltage', which is larger: BM | pred='BME280: 1.8 V to 5.5 V\nTMP20: 1.8 V '
[2][103][cross] ok=False in=3458 out=51 3.05s | For 'input voltage', which is larger: OP | pred='DRV8876: MIN 0V, NOM 5.5V, MAX 5.5V '
[2][104][cross] ok=False in=3835 out=24 1.72s | For 'input voltage', which is larger: LM | pred='LM5180: 9.5 V\nOPA192: 4.5 V'
[2][105][cross] ok=False in=3206 out=34 2.13s | For 'input voltage', which is larger: SN | pred='SN65HVD230: 3.6 V  \nBME280: VDD main'
[2][106][cross] ok=False in=3665 out=20 1.47s | For 'input voltage', which is larger: TM | pred='TMP20: 5.5 V\nINA219: 26 V'
[2][107][cross] ok=False in=3231 out=39 2.39s | For 'input voltage', which is larger: OP | pred='OPA192: V+, V– both 36V\nOPA2365: V+ '
[2][108][cross] ok=False in=3291 out=26 1.69s | For 'input voltage', which is larger: LM | pred='For LM5180: 9.5 V\nFor TMP1075: -0.3 '
[2][109][cross] ok=False in=2928 out=24 1.52s | For 'input voltage', which is larger: DR | pred='DRV8876: 5.5 V\nTMP1075: 6.5 V'
[2][110][cross] ok=False in=3843 out=38 2.43s | For 'input voltage', which is larger: OP | pred='OPA2376: 2.2 (±1.1) V\nOPA192: 4.5 (±'
[2][111][cross] ok=False in=2837 out=33 1.98s | For 'input voltage', which is larger: BM | pred='BME280: NOM - 3.3 V\nDRV8876: V IN - '
[2][112][cross] ok=False in=3947 out=34 2.24s | For 'operating temperature', which is la | pred='TLC5947: -40 to 85 °C\nLM5180: -40 to'
[2][113][cross] ok=False in=3124 out=36 2.17s | For 'operating temperature', which is la | pred='TXS0104E: -40°C to 125°C\nlt1024: -55'
[2][114][cross] ok=True in=3598 out=34 2.17s | For 'operating temperature', which is la | pred='LM5180: -40°C to 150°C\nlt1024: -55°C'
[2][115][cross] ok=True in=3224 out=40 2.39s | For 'operating temperature', which is la | pred='BMP280: -40°C to 85°C/105°C\nstm32l15'
[2][116][cross] ok=False in=2882 out=33 1.99s | For 'operating temperature', which is la | pred='LIS3DH: -40 to +85 °C\nTXS0104E: -40 '
[2][117][cross] ok=False in=3936 out=35 2.26s | For 'operating temperature', which is la | pred='stm32l151cb: -40 to 85°C\ntlc5947: -4'
[2][118][cross] ok=False in=3045 out=32 2.1s | Compare the datasheet-specified values ' | pred='TPS7A37 output voltage: 3.3 V\nADS131'
[2][119][cross] ok=False in=3133 out=26 1.66s | Compare the datasheet-specified values ' | pred='For TPS62203: 200 mA\nFor DRV8412: 6A'
seed2 (results_dcu3b_kt_s2.json): 38/120 = 31.7% | cross 6/37 | param 32/83
  本轮 211s | 峰值显存 9.1GB
[3][000][param] ok=True in=3123 out=31 1.96s | What is the specified value for 'junctio | pred='The specified junction temperature r'
[3][001][param] ok=False in=2827 out=37 2.23s | What is the specified value for 'resista | pred='For LMH6624, the resistances are not'
[3][002][param] ok=True in=2814 out=22 1.43s | What is the specified value for 'maximum | pred='maximum junction temperature, TJ of '
[3][003][param] ok=True in=2920 out=28 1.75s | What is the specified value for 'the cur | pred='The specified value for the current '
[3][004][param] ok=False in=2618 out=17 1.13s | What is the specified value for 'the pow | pred='The specified value for the power co'
[3][005][param] ok=False in=3072 out=5 0.54s | What is the specified value for 'continu | pred='7.5V'
[3][006][param] ok=False in=2845 out=43 2.57s | What is the specified value for 'stop (f | pred="The specified value for 'stop (flash"
[3][007][param] ok=False in=2643 out=69 3.91s | What is the specified value for 'rated f | pred='The datasheet does not explicitly st'
[3][008][param] ok=False in=2999 out=59 3.43s | What is the specified value for 'inducto | pred='The datasheet excerpt does not provi'
[3][009][param] ok=False in=2997 out=41 2.48s | What is the specified value for 'junctio | pred='The junction-to-ambient thermal resi'
[3][010][param] ok=False in=2699 out=55 3.19s | What is the specified value for 'VM oper | pred="The specified value for 'VM operatin"
[3][011][param] ok=True in=2764 out=25 1.57s | What is the specified value for 'supply  | pred='For TMP1075, the specified supply vo'
[3][012][param] ok=False in=2276 out=47 2.66s | What is the specified value for 'maximum | pred='The datasheet does not explicitly st'
[3][013][param] ok=True in=3028 out=9 0.76s | What is the specified value for 'p/n pow | pred='3V to 5.5V'
[3][014][param] ok=True in=3045 out=29 1.84s | What is the specified value for 'under-v | pred='The under-voltage lockout hysteresis'
[3][015][param] ok=False in=3254 out=24 1.61s | What is the specified value for 'input b | pred='The datasheet does not provide a spe'
[3][016][param] ok=False in=2755 out=8 0.67s | What is the specified value for 'vil, lo | pred='0.3 * VDDIO'
[3][017][param] ok=True in=2755 out=6 0.57s | What is the specified value for 'power s | pred='3.3-V Power'
[3][018][param] ok=False in=3590 out=60 3.6s | What is the specified value for 'operati | pred='The datasheet does not explicitly st'
[3][019][param] ok=True in=2916 out=31 1.91s | What is the specified value for 'maximum | pred='The maximum voltage specified must n'
[3][020][param] ok=False in=2714 out=30 1.85s | What is the specified value for 'enable  | pred='VEN(high) is specified as being grea'
[3][021][param] ok=True in=3381 out=5 0.62s | What is the specified value for 'total p | pred='11 mW'
[3][022][param] ok=True in=2809 out=5 0.52s | What is the specified value for 'maximum | pred='150°C'
[3][023][param] ok=False in=2521 out=66 3.72s | What is the specified value for 'rated m | pred='The datasheet does not explicitly me'
[3][024][param] ok=True in=3671 out=5 0.68s | What is the specified value for 'thresho | pred='15 mV'
[3][025][param] ok=True in=2688 out=14 0.97s | What is the specified value for 'tempera | pred='Temperature register reads 0°C until'
[3][026][param] ok=False in=2548 out=26 1.58s | What is the specified value for 'tempera | pred="The specified value for the 'tempera"
[3][027][param] ok=False in=2700 out=28 1.72s | What is the specified value for 'operate | pred='LIS3DH operates over an extended tem'
[3][028][param] ok=False in=2244 out=47 2.65s | What is the specified value for 'changed | pred='The excerpt provided does not contai'
[3][029][param] ok=False in=3430 out=40 2.49s | What is the specified value for 'power s | pred='The datasheet does not explicitly pr'
[3][030][param] ok=False in=2573 out=78 4.38s | What is the specified value for 'tempera | pred='The datasheet does not explicitly st'
[3][031][param] ok=True in=3093 out=8 0.73s | What is the specified value for 'junctio | pred='25.6 °C/W'
[3][032][param] ok=False in=2998 out=63 3.65s | What is the specified value for 'operati | pred='The operating temperature range for '
[3][033][param] ok=False in=2713 out=15 1.04s | What is the specified value for 'feedbac | pred='VFB(nom) is specified to be > 1 mV'
[3][034][param] ok=True in=2459 out=27 1.65s | What is the specified value for 'maximum | pred='The maximum repetitive peak isolatio'
[3][035][param] ok=False in=2474 out=40 2.34s | What is the specified value for 'tempera | pred='The LIS2DW12 does not specify a dire'
[3][036][param] ok=False in=2999 out=10 0.82s | What is the specified value for 'high-si | pred='Not specified in the provided datash'
[3][037][param] ok=True in=3086 out=5 0.57s | What is the specified value for 'voltage | pred='2.5 V'
[3][038][param] ok=False in=3264 out=5 0.57s | What is the specified value for 'maximum | pred='5.5 V'
[3][039][param] ok=True in=3395 out=25 1.69s | What is the specified value for 'recomme | pred='The recommended operating junction t'
[3][040][param] ok=False in=2829 out=5 0.53s | What is the specified value for 'transmi | pred='60 dBm'
[3][041][param] ok=False in=2942 out=65 3.74s | What is the specified value for 'power-s | pred='The datasheet does not provide expli'
[3][042][param] ok=True in=2409 out=22 1.36s | What is the specified value for 'supply  | pred='BME280 supply voltage range: 1.71 V '
[3][043][param] ok=True in=3506 out=32 2.07s | What is the specified value for 'input o | pred='The input offset voltage (VOS) of OP'
[3][044][param] ok=False in=2193 out=92 5.06s | What is the specified value for 'critica | pred='The document does not specify exact '
[3][045][param] ok=True in=2694 out=11 0.83s | What is the specified value for 'A-port  | pred='1.2 V to 3.6 V'
[3][046][param] ok=False in=2808 out=24 1.54s | What is the specified value for 'junctio | pred='The maximum junction temperature for'
[3][047][param] ok=True in=2499 out=26 1.59s | What is the specified value for 'switchi | pred='The specified value for the switchin'
[3][048][param] ok=False in=3491 out=5 0.63s | What is the specified value for 'switchi | pred='3.3 V'
[3][049][param] ok=True in=2744 out=11 0.82s | What is the specified value for 'peak so | pred='5-A peak sink, 3-A peak source'
[3][050][param] ok=False in=2869 out=31 1.92s | What is the specified value for 'operati | pred='The specified operating junction tem'
[3][051][param] ok=True in=2701 out=28 1.74s | What is the specified value for 'supply  | pred='The OPA2365 (TI) is specified to ope'
[3][052][param] ok=False in=2665 out=30 1.83s | What is the specified value for 'automot | pred="The specified value for 'automotive "
[3][053][param] ok=False in=2788 out=25 1.58s | What is the specified value for 'quiesce | pred='The datasheet does not explicitly st'
[3][054][param] ok=False in=2919 out=34 2.07s | What is the specified value for 'overtem | pred="The UCC28600's internal Over-Tempera"
[3][055][param] ok=False in=2657 out=5 0.5s | What is the specified value for 'f corne | pred='100kHz'
[3][056][param] ok=False in=3485 out=5 0.63s | What is the specified value for 'switchi | pred='3.3 V'
[3][057][param] ok=False in=3190 out=3 0.47s | What is the specified value for 'source  | pred='1A'
[3][058][param] ok=True in=2999 out=5 0.56s | What is the specified value for 'output  | pred='300 mA'
[3][059][param] ok=True in=2693 out=13 0.93s | What is the specified value for 'control | pred='V CC | Controller supply voltage | 3'
[3][060][param] ok=True in=2377 out=36 2.08s | What is the specified value for 'junctio | pred="The specified value for 'junction-to"
[3][061][param] ok=True in=2367 out=25 1.51s | What is the specified value for 'interna | pred="The specified value for 'internal po"
[3][062][param] ok=True in=2691 out=16 1.08s | What is the specified value for 'to keep | pred='PART NUMBER(2)\n–40°C to 125°C'
[3][063][param] ok=False in=2678 out=50 2.8s | What is the specified value for 'output  | pred='The document does not specify the ex'
[3][064][param] ok=False in=2366 out=73 3.92s | What is the specified value for 'RRT (fr | pred='The document mentions that the RT re'
[3][065][param] ok=False in=2488 out=8 0.6s | What is the specified value for 'maximum | pred='5000\tVRMS'
[3][066][param] ok=True in=2776 out=5 0.5s | What is the specified value for 'maximum | pred='1.5 A'
[3][067][param] ok=False in=2818 out=2 0.36s | What is the specified value for 'hz (low | pred='0'
[3][068][param] ok=True in=3355 out=38 2.3s | What is the specified value for 'operati | pred='The specified operating voltage for '
[3][069][param] ok=True in=3098 out=11 0.87s | What is the specified value for 'supply  | pred='2.7 V to 5.5 V'
[3][070][param] ok=True in=2169 out=25 1.44s | What is the specified value for 'junctio | pred='The specified value for junction tem'
[3][071][param] ok=True in=2465 out=5 0.46s | What is the specified value for 'interna | pred='1.2 V'
[3][072][param] ok=True in=2295 out=26 1.51s | What is the specified value for 'maximum | pred="The specified value for 'maximum jun"
[3][073][param] ok=False in=2639 out=42 2.38s | What is the specified value for 'enable  | pred='The specified value for the enable a'
[3][074][param] ok=False in=2512 out=25 1.5s | What is the specified value for 'rising  | pred='VPG-LOW-UP (rising) threshold is 92%'
[3][075][param] ok=False in=3297 out=4 0.55s | What is the specified value for 'input b | pred='50 mA'
[3][076][param] ok=True in=2740 out=34 2.01s | What is the specified value for 'output  | pred='The TPS7A37 can output voltages rang'
[3][077][param] ok=False in=3116 out=63 3.57s | What is the specified value for 'line fr | pred='The specified line frequency (normal'
[3][078][param] ok=False in=2494 out=32 1.87s | What is the specified value for 'vbus ov | pred="The SC89601's VBUS over-voltage thre"
[3][079][param] ok=False in=2611 out=41 2.37s | What is the specified value for 'enable  | pred='The enable and adjusting undervoltag'
[3][080][param] ok=False in=2402 out=95 5.14s | What is the specified value for 'the vol | pred="The document doesn't specify a direc"
[3][081][param] ok=True in=3703 out=22 1.56s | What is the specified value for 'inputs  | pred='SN74LVC245A inputs accept voltages u'
[3][082][param] ok=False in=2146 out=45 2.5s | What is the specified value for 'high-si | pred="The datasheet does not specify a 'hi"
[3][083][cross] ok=True in=2445 out=34 1.97s | For the datasheet parameter 'junction-to | pred='For TPS62150: 45 °C/W\nFor LMR14020: '
[3][084][cross] ok=False in=2917 out=36 2.15s | For the datasheet parameter 'supply volt | pred='TMP1075: 1.7 V to 5.5 V\nBME280: 1.7 '
[3][085][cross] ok=True in=2926 out=37 2.21s | For the datasheet parameter 'supply volt | pred='TMP1075: 1.7 V to 5.5 V\nOPA2365: 2.2'
[3][086][cross] ok=False in=2605 out=87 4.84s | For the datasheet parameter 'supply volt | pred='For the BME280, the supply voltage r'
[3][087][cross] ok=False in=3035 out=27 1.86s | For the datasheet parameter 'maximum jun | pred='SN74LVC1G4: 150°C\nLM2674: 150°C'
[3][088][cross] ok=False in=3709 out=26 1.8s | For the datasheet parameter 'input bias  | pred='OPA4322: ±200 pA\nOPA330: ±70 pA'
[3][089][cross] ok=False in=3606 out=34 2.2s | For the datasheet parameter 'power suppl | pred='For SN65HVD230: 3.3-V\nFor LM5180: 9.'
[3][090][cross] ok=False in=2590 out=37 2.19s | For the datasheet parameter 'maximum rep | pred='For AMC1400: V IORM = 1000 V (rms)\nF'
[3][091][cross] ok=False in=3363 out=33 2.1s | For the datasheet parameter 'switching n | pred='DRV8323R: VLINEAR = 2.6 V\nDRV8320: V'
[3][092][cross] ok=False in=3142 out=101 5.69s | For the datasheet parameter 'enable and  | pred='For TPS54541, the enabling of underv'
[3][093][cross] ok=False in=3136 out=24 1.57s | For 'input voltage', which is larger: TM | pred='For TMP1075: 6.5 V  \nFor INA219: 26 '
[3][094][cross] ok=False in=2866 out=125 6.92s | For 'input voltage', which is larger: TM | pred='For TMP1075, the input voltage is –0'
[3][095][cross] ok=False in=2593 out=58 3.31s | For the datasheet parameter 'safety outp | pred='For UCC21520: DRIVER A, DRIVER B = 5'
[3][096][cross] ok=False in=3919 out=34 2.29s | For 'operating temperature', which is la | pred='TLC5947: -40 to 85 °C\nlt1024: -55°C '
[3][097][cross] ok=False in=2755 out=45 2.64s | Compare the datasheet-specified values ' | pred='For UCC28060, GDA output voltage UV '
[3][098][cross] ok=False in=3167 out=34 2.12s | For 'operating temperature', which is la | pred='AMC1311: -40°C to +125°C\nTL431: -65°'
[3][099][cross] ok=False in=3280 out=47 2.81s | For 'operating temperature', which is la | pred='For AMC1311: -40°C to +125°C\nFor TL4'
[3][100][cross] ok=False in=3297 out=27 1.77s | For 'input voltage', which is larger: TM | pred='TMP1075: 6.5 V\nSN65HVD230: 3.6 V'
[3][101][cross] ok=False in=3054 out=20 1.36s | For 'input voltage', which is larger: IN | pred='INA219: 26 V\nOPA2365: Not specified'
[3][102][cross] ok=False in=3207 out=34 2.13s | For 'input voltage', which is larger: BM | pred='BME280: 1.8 V to 5.5 V\nTMP20: 1.8 V '
[3][103][cross] ok=False in=3458 out=20 1.42s | For 'input voltage', which is larger: OP | pred='OPA2376: 0 V DRV8876: 0 V'
[3][104][cross] ok=False in=3835 out=23 1.66s | For 'input voltage', which is larger: LM | pred='LM5180: 9.5 V\nOPA192: 36 V'
[3][105][cross] ok=False in=3206 out=35 2.18s | For 'input voltage', which is larger: SN | pred='For SN65HVD230: 3.6 V  \nFor BME280: '
[3][106][cross] ok=False in=3665 out=20 1.47s | For 'input voltage', which is larger: TM | pred='TMP20: 5.5 V\nINA219: 26 V'
[3][107][cross] ok=False in=3231 out=33 2.08s | For 'input voltage', which is larger: OP | pred='OPA192: V+, V– (±36V)\nOPA2365: V+ (±'
[3][108][cross] ok=False in=3291 out=24 1.61s | For 'input voltage', which is larger: LM | pred='LM5180: 9.5 V\nTMP1075: 6.5 V'
[3][109][cross] ok=False in=2928 out=24 1.54s | For 'input voltage', which is larger: DR | pred='DRV8876: 5.5 V\nTMP1075: 6.5 V'
[3][110][cross] ok=False in=3843 out=38 2.46s | For 'input voltage', which is larger: OP | pred='OPA2376: 2.2 (±1.1) V\nOPA192: 4.5 (±'
[3][111][cross] ok=False in=2837 out=37 2.23s | For 'input voltage', which is larger: BM | pred='BME280: VDD main supply voltage rang'
[3][112][cross] ok=False in=3947 out=32 2.18s | For 'operating temperature', which is la | pred='TLC5947: -40 to 85°C\nLM5180: -40 to '
[3][113][cross] ok=False in=3124 out=53 3.12s | For 'operating temperature', which is la | pred='For TXS0104E, the operating temperat'
[3][114][cross] ok=True in=3598 out=34 2.21s | For 'operating temperature', which is la | pred='LM5180: -40°C to 150°C\nlt1024: -55°C'
[3][115][cross] ok=True in=3224 out=40 2.44s | For 'operating temperature', which is la | pred='BMP280: -40°C to 85°C/105°C\nstm32l15'
[3][116][cross] ok=False in=2882 out=33 2.03s | For 'operating temperature', which is la | pred='LIS3DH: -40 to +85 °C\nTXS0104E: -40 '
[3][117][cross] ok=False in=3936 out=34 2.25s | For 'operating temperature', which is la | pred='stm32l151cb: -40 to 85°C\nTLC5947: -4'
[3][118][cross] ok=False in=3045 out=32 2.0s | Compare the datasheet-specified values ' | pred='TPS7A37: 3.3 V\nADS131M02: 2.7 V -3.6'
[3][119][cross] ok=False in=3133 out=30 1.9s | Compare the datasheet-specified values ' | pred='TPS62203: Iout - 300 mA  \nDRV8412: I'
seed3 (results_dcu3b_kt_s3.json): 39/120 = 32.5% | cross 4/37 | param 35/83
  本轮 239s | 峰值显存 9.1GB

== dcu3b_kt k-trial: mean 31.7% ± 0.8pp, 95%CI [29.6%, 33.7%] (n=3, t=4.303) ==
   逐 seed: ['30.8%', '31.7%', '32.5%']
=== 3B kt end rc=0 Wed Oct  7 03:46:45 CST 2026 ===
=== ALL_KT_DONE Wed Oct  7 03:46:45 CST 2026 ===
